tran_date,curr_code,std_rate
2015/01/05 上午 12:00:00,AUD,25.869642
2015/01/05 上午 12:00:00,EUR,38.191567
2015/01/05 上午 12:00:00,GBP,48.804425
2015/01/05 上午 12:00:00,JPY,0.267511
2015/01/05 上午 12:00:00,USD,32.005
2015/01/06 上午 12:00:00,AUD,25.865566
2015/01/06 上午 12:00:00,EUR,38.043244
2015/01/06 上午 12:00:00,GBP,48.47714
2015/01/06 上午 12:00:00,JPY,0.270259
2015/01/06 上午 12:00:00,USD,31.996
2015/01/07 上午 12:00:00,AUD,25.853608
2015/01/07 上午 12:00:00,EUR,37.885984
2015/01/07 上午 12:00:00,GBP,48.353511
2015/01/07 上午 12:00:00,JPY,0.26833
2015/01/07 上午 12:00:00,USD,32.001
2015/01/08 上午 12:00:00,AUD,26.001674
2015/01/08 上午 12:00:00,EUR,37.744676
2015/01/08 上午 12:00:00,GBP,48.297054
2015/01/08 上午 12:00:00,JPY,0.267475
2015/01/08 上午 12:00:00,USD,32.006
2015/01/09 上午 12:00:00,AUD,26.197101
2015/01/09 上午 12:00:00,EUR,37.818611
2015/01/09 上午 12:00:00,GBP,48.411782
2015/01/09 上午 12:00:00,JPY,0.269502
2015/01/09 上午 12:00:00,USD,31.936
2015/01/12 上午 12:00:00,AUD,25.984939
2015/01/12 上午 12:00:00,EUR,37.69839
2015/01/12 上午 12:00:00,GBP,48.331923
2015/01/12 上午 12:00:00,JPY,0.26919
2015/01/12 上午 12:00:00,USD,31.856
2015/01/13 上午 12:00:00,AUD,26.015323
2015/01/13 上午 12:00:00,EUR,37.511133
2015/01/13 上午 12:00:00,GBP,48.302792
2015/01/13 上午 12:00:00,JPY,0.270177
2015/01/13 上午 12:00:00,USD,31.862
2015/01/14 上午 12:00:00,AUD,25.94308
2015/01/14 上午 12:00:00,EUR,37.526745
2015/01/14 上午 12:00:00,GBP,48.489686
2015/01/14 上午 12:00:00,JPY,0.271303
2015/01/14 上午 12:00:00,USD,31.832
2015/01/15 上午 12:00:00,AUD,26.118556
2015/01/15 上午 12:00:00,EUR,36.976654
2015/01/15 上午 12:00:00,GBP,48.257505
2015/01/15 上午 12:00:00,JPY,0.273616
2015/01/15 上午 12:00:00,USD,31.786
2015/01/16 上午 12:00:00,AUD,26.015355
2015/01/16 上午 12:00:00,EUR,36.606936
2015/01/16 上午 12:00:00,GBP,47.94534
2015/01/16 上午 12:00:00,JPY,0.269296
2015/01/16 上午 12:00:00,USD,31.645
2015/01/19 上午 12:00:00,AUD,25.907347
2015/01/19 上午 12:00:00,EUR,36.619251
2015/01/19 上午 12:00:00,GBP,47.681382
2015/01/19 上午 12:00:00,JPY,0.268368
2015/01/19 上午 12:00:00,USD,31.552
2015/01/20 上午 12:00:00,AUD,25.898802
2015/01/20 上午 12:00:00,EUR,36.60888
2015/01/20 上午 12:00:00,GBP,48.003592
2015/01/20 上午 12:00:00,JPY,0.266779
2015/01/20 上午 12:00:00,USD,31.696
2015/01/21 上午 12:00:00,AUD,25.510601
2015/01/21 上午 12:00:00,EUR,36.636188
2015/01/21 上午 12:00:00,GBP,47.780708
2015/01/21 上午 12:00:00,JPY,0.267489
2015/01/21 上午 12:00:00,USD,31.553
2015/01/22 上午 12:00:00,AUD,25.293077
2015/01/22 上午 12:00:00,EUR,35.814266
2015/01/22 上午 12:00:00,GBP,47.29651
2015/01/22 上午 12:00:00,JPY,0.26593
2015/01/22 上午 12:00:00,USD,31.51
2015/01/23 上午 12:00:00,AUD,24.872142
2015/01/23 上午 12:00:00,EUR,35.219556
2015/01/23 上午 12:00:00,GBP,47.097709
2015/01/23 上午 12:00:00,JPY,0.266893
2015/01/23 上午 12:00:00,USD,31.432
2015/01/26 上午 12:00:00,AUD,24.836158
2015/01/26 上午 12:00:00,EUR,35.221902
2015/01/26 上午 12:00:00,GBP,47.259212
2015/01/26 上午 12:00:00,JPY,0.264553
2015/01/26 上午 12:00:00,USD,31.339
2015/01/27 上午 12:00:00,AUD,24.862653
2015/01/27 上午 12:00:00,EUR,35.650983
2015/01/27 上午 12:00:00,GBP,47.604603
2015/01/27 上午 12:00:00,JPY,0.265759
2015/01/27 上午 12:00:00,USD,31.325
2015/01/28 上午 12:00:00,AUD,24.714659
2015/01/28 上午 12:00:00,EUR,35.359914
2015/01/28 上午 12:00:00,GBP,47.427459
2015/01/28 上午 12:00:00,JPY,0.266531
2015/01/28 上午 12:00:00,USD,31.328
2015/01/29 上午 12:00:00,AUD,24.456463
2015/01/29 上午 12:00:00,EUR,35.671584
2015/01/29 上午 12:00:00,GBP,47.47913
2015/01/29 上午 12:00:00,JPY,0.266396
2015/01/29 上午 12:00:00,USD,31.512
2015/01/30 上午 12:00:00,AUD,24.505613
2015/01/30 上午 12:00:00,EUR,35.62244
2015/01/30 上午 12:00:00,GBP,47.515519
2015/01/30 上午 12:00:00,JPY,0.268576
2015/01/30 上午 12:00:00,USD,31.555
2015/01/31 上午 12:00:00,AUD,24.505613
2015/01/31 上午 12:00:00,EUR,35.62244
2015/01/31 上午 12:00:00,GBP,47.515519
2015/01/31 上午 12:00:00,JPY,0.268576
2015/01/31 上午 12:00:00,USD,31.555
2015/02/02 上午 12:00:00,AUD,24.723806
2015/02/02 上午 12:00:00,EUR,35.933959
2015/02/02 上午 12:00:00,GBP,47.651072
2015/02/02 上午 12:00:00,JPY,0.269476
2015/02/02 上午 12:00:00,USD,31.685
2015/02/03 上午 12:00:00,AUD,24.643804
2015/02/03 上午 12:00:00,EUR,36.306366
2015/02/03 上午 12:00:00,GBP,47.959442
2015/02/03 上午 12:00:00,JPY,0.268972
2015/02/03 上午 12:00:00,USD,31.623
2015/02/04 上午 12:00:00,AUD,24.39787
2015/02/04 上午 12:00:00,EUR,35.706119
2015/02/04 上午 12:00:00,GBP,47.782309
2015/02/04 上午 12:00:00,JPY,0.268358
2015/02/04 上午 12:00:00,USD,31.473
2015/02/05 上午 12:00:00,AUD,24.58784
2015/02/05 上午 12:00:00,EUR,36.19272
2015/02/05 上午 12:00:00,GBP,48.336848
2015/02/05 上午 12:00:00,JPY,0.268314
2015/02/05 上午 12:00:00,USD,31.535
2015/02/06 上午 12:00:00,AUD,24.555902
2015/02/06 上午 12:00:00,EUR,35.634084
2015/02/06 上午 12:00:00,GBP,47.997058
2015/02/06 上午 12:00:00,JPY,0.264355
2015/02/06 上午 12:00:00,USD,31.49
2015/02/09 上午 12:00:00,AUD,24.623112
2015/02/09 上午 12:00:00,EUR,35.7417
2015/02/09 上午 12:00:00,GBP,48.021696
2015/02/09 上午 12:00:00,JPY,0.266015
2015/02/09 上午 12:00:00,USD,31.56
2015/02/10 上午 12:00:00,AUD,24.480204
2015/02/10 上午 12:00:00,EUR,35.663414
2015/02/10 上午 12:00:00,GBP,48.053151
2015/02/10 上午 12:00:00,JPY,0.26377
2015/02/10 上午 12:00:00,USD,31.502
2015/02/11 上午 12:00:00,AUD,24.367408
2015/02/11 上午 12:00:00,EUR,35.78095
2015/02/11 上午 12:00:00,GBP,48.10038
2015/02/11 上午 12:00:00,JPY,0.262029
2015/02/11 上午 12:00:00,USD,31.564
2015/02/12 上午 12:00:00,AUD,24.465805
2015/02/12 上午 12:00:00,EUR,36.067689
2015/02/12 上午 12:00:00,GBP,48.659592
2015/02/12 上午 12:00:00,JPY,0.265553
2015/02/12 上午 12:00:00,USD,31.63
2015/02/13 上午 12:00:00,AUD,24.434043
2015/02/13 上午 12:00:00,EUR,35.859468
2015/02/13 上午 12:00:00,GBP,48.414845
2015/02/13 上午 12:00:00,JPY,0.265142
2015/02/13 上午 12:00:00,USD,31.475
2015/02/16 上午 12:00:00,AUD,24.56268
2015/02/16 上午 12:00:00,EUR,35.8818
2015/02/16 上午 12:00:00,GBP,48.55024
2015/02/16 上午 12:00:00,JPY,0.266689
2015/02/16 上午 12:00:00,USD,31.6
2015/02/17 上午 12:00:00,AUD,24.734588
2015/02/17 上午 12:00:00,EUR,36.102122
2015/02/17 上午 12:00:00,GBP,48.551675
2015/02/17 上午 12:00:00,JPY,0.265308
2015/02/17 上午 12:00:00,USD,31.638
2015/02/24 上午 12:00:00,AUD,24.818042
2015/02/24 上午 12:00:00,EUR,35.937361
2015/02/24 上午 12:00:00,GBP,48.970635
2015/02/24 上午 12:00:00,JPY,0.26633
2015/02/24 上午 12:00:00,USD,31.688
2015/02/25 上午 12:00:00,AUD,24.869288
2015/02/25 上午 12:00:00,EUR,35.823505
2015/02/25 上午 12:00:00,GBP,48.966043
2015/02/25 上午 12:00:00,JPY,0.265287
2015/02/25 上午 12:00:00,USD,31.532
2015/02/26 上午 12:00:00,AUD,24.57234
2015/02/26 上午 12:00:00,EUR,35.277059
2015/02/26 上午 12:00:00,GBP,48.533522
2015/02/26 上午 12:00:00,JPY,0.2638
2015/02/26 上午 12:00:00,USD,31.503
2015/02/28 上午 12:00:00,AUD,24.57234
2015/02/28 上午 12:00:00,EUR,35.277059
2015/02/28 上午 12:00:00,GBP,48.533522
2015/02/28 上午 12:00:00,JPY,0.2638
2015/02/28 上午 12:00:00,USD,31.503
2015/03/02 上午 12:00:00,AUD,24.515709
2015/03/02 上午 12:00:00,EUR,35.305651
2015/03/02 上午 12:00:00,GBP,48.504232
2015/03/02 上午 12:00:00,JPY,0.262782
2015/03/02 上午 12:00:00,USD,31.568
2015/03/03 上午 12:00:00,AUD,24.629804
2015/03/03 上午 12:00:00,EUR,35.213341
2015/03/03 上午 12:00:00,GBP,48.396288
2015/03/03 上午 12:00:00,JPY,0.263159
2015/03/03 上午 12:00:00,USD,31.508
2015/03/04 上午 12:00:00,AUD,24.611064
2015/03/04 上午 12:00:00,EUR,34.873544
2015/03/04 上午 12:00:00,GBP,48.05422
2015/03/04 上午 12:00:00,JPY,0.263013
2015/03/04 上午 12:00:00,USD,31.48
2015/03/05 上午 12:00:00,AUD,24.521898
2015/03/05 上午 12:00:00,EUR,34.74907
2015/03/05 上午 12:00:00,GBP,48.013517
2015/03/05 上午 12:00:00,JPY,0.262252
2015/03/05 上午 12:00:00,USD,31.507
2015/03/06 上午 12:00:00,AUD,24.27311
2015/03/06 上午 12:00:00,EUR,34.09809
2015/03/06 上午 12:00:00,GBP,47.29451
2015/03/06 上午 12:00:00,JPY,0.260283
2015/03/06 上午 12:00:00,USD,31.45
2015/03/09 上午 12:00:00,AUD,24.276704
2015/03/09 上午 12:00:00,EUR,34.205504
2015/03/09 上午 12:00:00,GBP,47.683456
2015/03/09 上午 12:00:00,JPY,0.260173
2015/03/09 上午 12:00:00,USD,31.52
2015/03/10 上午 12:00:00,AUD,24.072232
2015/03/10 上午 12:00:00,EUR,33.769307
2015/03/10 上午 12:00:00,GBP,47.569962
2015/03/10 上午 12:00:00,JPY,0.260596
2015/03/10 上午 12:00:00,USD,31.566
2015/03/11 上午 12:00:00,AUD,24.050327
2015/03/11 上午 12:00:00,EUR,33.39813
2015/03/11 上午 12:00:00,GBP,47.277338
2015/03/11 上午 12:00:00,JPY,0.260733
2015/03/11 上午 12:00:00,USD,31.666
2015/03/12 上午 12:00:00,AUD,24.411236
2015/03/12 上午 12:00:00,EUR,33.681045
2015/03/12 上午 12:00:00,GBP,47.134461
2015/03/12 上午 12:00:00,JPY,0.26111
2015/03/12 上午 12:00:00,USD,31.67
2015/03/13 上午 12:00:00,AUD,24.213756
2015/03/13 上午 12:00:00,EUR,33.285987
2015/03/13 上午 12:00:00,GBP,46.756395
2015/03/13 上午 12:00:00,JPY,0.261246
2015/03/13 上午 12:00:00,USD,31.71
2015/03/16 上午 12:00:00,AUD,24.231139
2015/03/16 上午 12:00:00,EUR,33.51007
2015/03/16 上午 12:00:00,GBP,47.022554
2015/03/16 上午 12:00:00,JPY,0.261348
2015/03/16 上午 12:00:00,USD,31.712
2015/03/17 上午 12:00:00,AUD,24.123921
2015/03/17 上午 12:00:00,EUR,33.55752
2015/03/17 上午 12:00:00,GBP,46.705658
2015/03/17 上午 12:00:00,JPY,0.260913
2015/03/17 上午 12:00:00,USD,31.667
2015/03/18 上午 12:00:00,AUD,24.61737
2015/03/18 上午 12:00:00,EUR,34.381395
2015/03/18 上午 12:00:00,GBP,47.40537
2015/03/18 上午 12:00:00,JPY,0.263508
2015/03/18 上午 12:00:00,USD,31.65
2015/03/19 上午 12:00:00,AUD,24.09588
2015/03/19 上午 12:00:00,EUR,33.581132
2015/03/19 上午 12:00:00,GBP,46.47175
2015/03/19 上午 12:00:00,JPY,0.260821
2015/03/19 上午 12:00:00,USD,31.502
2015/03/20 上午 12:00:00,AUD,24.52857
2015/03/20 上午 12:00:00,EUR,34.138091
2015/03/20 上午 12:00:00,GBP,47.180034
2015/03/20 上午 12:00:00,JPY,0.262834
2015/03/20 上午 12:00:00,USD,31.548
2015/03/23 上午 12:00:00,AUD,24.827514
2015/03/23 上午 12:00:00,EUR,34.483184
2015/03/23 上午 12:00:00,GBP,47.103286
2015/03/23 上午 12:00:00,JPY,0.263139
2015/03/23 上午 12:00:00,USD,31.503
2015/03/24 上午 12:00:00,AUD,24.720389
2015/03/24 上午 12:00:00,EUR,34.282789
2015/03/24 上午 12:00:00,GBP,46.606893
2015/03/24 上午 12:00:00,JPY,0.262049
2015/03/24 上午 12:00:00,USD,31.383
2015/03/25 上午 12:00:00,AUD,24.630944
2015/03/25 上午 12:00:00,EUR,34.446897
2015/03/25 上午 12:00:00,GBP,46.727828
2015/03/25 上午 12:00:00,JPY,0.262792
2015/03/25 上午 12:00:00,USD,31.401
2015/03/26 上午 12:00:00,AUD,24.586975
2015/03/26 上午 12:00:00,EUR,34.181202
2015/03/26 上午 12:00:00,GBP,46.636425
2015/03/26 上午 12:00:00,JPY,0.263487
2015/03/26 上午 12:00:00,USD,31.405
2015/03/27 上午 12:00:00,AUD,24.328175
2015/03/27 上午 12:00:00,EUR,34.1611
2015/03/27 上午 12:00:00,GBP,46.689138
2015/03/27 上午 12:00:00,JPY,0.263324
2015/03/27 上午 12:00:00,USD,31.375
2015/03/30 上午 12:00:00,AUD,24.018252
2015/03/30 上午 12:00:00,EUR,33.993954
2015/03/30 上午 12:00:00,GBP,46.47378
2015/03/30 上午 12:00:00,JPY,0.261348
2015/03/30 上午 12:00:00,USD,31.38
2015/03/31 上午 12:00:00,AUD,23.886741
2015/03/31 上午 12:00:00,EUR,33.696413
2015/03/31 上午 12:00:00,GBP,46.530002
2015/03/31 上午 12:00:00,JPY,0.261414
2015/03/31 上午 12:00:00,USD,31.401
2015/04/01 上午 12:00:00,AUD,23.83512
2015/04/01 上午 12:00:00,EUR,33.754921
2015/04/01 上午 12:00:00,GBP,46.491029
2015/04/01 上午 12:00:00,JPY,0.261874
2015/04/01 上午 12:00:00,USD,31.362
2015/04/02 上午 12:00:00,AUD,23.765238
2015/04/02 上午 12:00:00,EUR,34.057664
2015/04/02 上午 12:00:00,GBP,46.416088
2015/04/02 上午 12:00:00,JPY,0.261468
2015/04/02 上午 12:00:00,USD,31.303
2015/04/07 上午 12:00:00,AUD,23.781437
2015/04/07 上午 12:00:00,EUR,33.687773
2015/04/07 上午 12:00:00,GBP,46.132997
2015/04/07 上午 12:00:00,JPY,0.258996
2015/04/07 上午 12:00:00,USD,31.152
2015/04/08 上午 12:00:00,AUD,23.994058
2015/04/08 上午 12:00:00,EUR,33.664751
2015/04/08 上午 12:00:00,GBP,46.423694
2015/04/08 上午 12:00:00,JPY,0.259935
2015/04/08 上午 12:00:00,USD,31.226
2015/04/09 上午 12:00:00,AUD,24.022885
2015/04/09 上午 12:00:00,EUR,33.292246
2015/04/09 上午 12:00:00,GBP,45.95017
2015/04/09 上午 12:00:00,JPY,0.259006
2015/04/09 上午 12:00:00,USD,31.231
2015/04/10 上午 12:00:00,AUD,24.001692
2015/04/10 上午 12:00:00,EUR,33.123772
2015/04/10 上午 12:00:00,GBP,45.710368
2015/04/10 上午 12:00:00,JPY,0.2599
2015/04/10 上午 12:00:00,USD,31.24
2015/04/13 上午 12:00:00,AUD,23.785444
2015/04/13 上午 12:00:00,EUR,33.119091
2015/04/13 上午 12:00:00,GBP,45.997519
2015/04/13 上午 12:00:00,JPY,0.260901
2015/04/13 上午 12:00:00,USD,31.342
2015/04/14 上午 12:00:00,AUD,23.878531
2015/04/14 上午 12:00:00,EUR,33.362936
2015/04/14 上午 12:00:00,GBP,46.285398
2015/04/14 上午 12:00:00,JPY,0.262245
2015/04/14 上午 12:00:00,USD,31.312
2015/04/15 上午 12:00:00,AUD,24.06144
2015/04/15 上午 12:00:00,EUR,33.472972
2015/04/15 上午 12:00:00,GBP,46.503119
2015/04/15 上午 12:00:00,JPY,0.262968
2015/04/15 上午 12:00:00,USD,31.33
2015/04/16 上午 12:00:00,AUD,24.389841
2015/04/16 上午 12:00:00,EUR,33.634479
2015/04/16 上午 12:00:00,GBP,46.676356
2015/04/16 上午 12:00:00,JPY,0.262608
2015/04/16 上午 12:00:00,USD,31.253
2015/04/17 上午 12:00:00,AUD,24.244036
2015/04/17 上午 12:00:00,EUR,33.673657
2015/04/17 上午 12:00:00,GBP,46.633933
2015/04/17 上午 12:00:00,JPY,0.262064
2015/04/17 上午 12:00:00,USD,31.162
2015/04/20 上午 12:00:00,AUD,24.026295
2015/04/20 上午 12:00:00,EUR,33.397328
2015/04/20 上午 12:00:00,GBP,46.363751
2015/04/20 上午 12:00:00,JPY,0.260967
2015/04/20 上午 12:00:00,USD,31.102
2015/04/21 上午 12:00:00,AUD,24.0375
2015/04/21 上午 12:00:00,EUR,33.467333
2015/04/21 上午 12:00:00,GBP,46.52882
2015/04/21 上午 12:00:00,JPY,0.260491
2015/04/21 上午 12:00:00,USD,31.173
2015/04/22 上午 12:00:00,AUD,24.128132
2015/04/22 上午 12:00:00,EUR,33.368693
2015/04/22 上午 12:00:00,GBP,46.781507
2015/04/22 上午 12:00:00,JPY,0.25947
2015/04/22 上午 12:00:00,USD,31.113
2015/04/23 上午 12:00:00,AUD,24.213692
2015/04/23 上午 12:00:00,EUR,33.696194
2015/04/23 上午 12:00:00,GBP,46.873947
2015/04/23 上午 12:00:00,JPY,0.260336
2015/04/23 上午 12:00:00,USD,31.131
2015/04/24 上午 12:00:00,AUD,24.294302
2015/04/24 上午 12:00:00,EUR,33.761752
2015/04/24 上午 12:00:00,GBP,47.154049
2015/04/24 上午 12:00:00,JPY,0.260955
2015/04/24 上午 12:00:00,USD,31.051
2015/04/27 上午 12:00:00,AUD,24.25366
2015/04/27 上午 12:00:00,EUR,33.613801
2015/04/27 上午 12:00:00,GBP,47.025992
2015/04/27 上午 12:00:00,JPY,0.259249
2015/04/27 上午 12:00:00,USD,30.861
2015/04/28 上午 12:00:00,AUD,24.738794
2015/04/28 上午 12:00:00,EUR,33.855521
2015/04/28 上午 12:00:00,GBP,47.291671
2015/04/28 上午 12:00:00,JPY,0.259411
2015/04/28 上午 12:00:00,USD,30.831
2015/04/29 上午 12:00:00,AUD,24.580556
2015/04/29 上午 12:00:00,EUR,34.157396
2015/04/29 上午 12:00:00,GBP,47.386941
2015/04/29 上午 12:00:00,JPY,0.257898
2015/04/29 上午 12:00:00,USD,30.695
2015/04/30 上午 12:00:00,AUD,24.312531
2015/04/30 上午 12:00:00,EUR,34.516045
2015/04/30 上午 12:00:00,GBP,47.21047
2015/04/30 上午 12:00:00,JPY,0.257598
2015/04/30 上午 12:00:00,USD,30.752
2015/05/04 上午 12:00:00,AUD,24.122229
2015/05/04 上午 12:00:00,EUR,34.30293
2015/05/04 上午 12:00:00,GBP,46.533312
2015/05/04 上午 12:00:00,JPY,0.256189
2015/05/04 上午 12:00:00,USD,30.776
2015/05/05 上午 12:00:00,AUD,24.44627
2015/05/05 上午 12:00:00,EUR,34.431627
2015/05/05 上午 12:00:00,GBP,46.731714
2015/05/05 上午 12:00:00,JPY,0.256829
2015/05/05 上午 12:00:00,USD,30.781
2015/05/06 上午 12:00:00,AUD,24.50399
2015/05/06 上午 12:00:00,EUR,34.895429
2015/05/06 上午 12:00:00,GBP,46.886024
2015/05/06 上午 12:00:00,JPY,0.257433
2015/05/06 上午 12:00:00,USD,30.753
2015/05/07 上午 12:00:00,AUD,24.355932
2015/05/07 上午 12:00:00,EUR,34.70266
2015/05/07 上午 12:00:00,GBP,46.965334
2015/05/07 上午 12:00:00,JPY,0.257249
2015/05/07 上午 12:00:00,USD,30.803
2015/05/08 上午 12:00:00,AUD,24.390492
2015/05/08 上午 12:00:00,EUR,34.453724
2015/05/08 上午 12:00:00,GBP,47.541155
2015/05/08 上午 12:00:00,JPY,0.256932
2015/05/08 上午 12:00:00,USD,30.765
2015/05/11 上午 12:00:00,AUD,24.28542
2015/05/11 上午 12:00:00,EUR,34.33509
2015/05/11 上午 12:00:00,GBP,47.973708
2015/05/11 上午 12:00:00,JPY,0.256329
2015/05/11 上午 12:00:00,USD,30.78
2015/05/12 上午 12:00:00,AUD,24.577137
2015/05/12 上午 12:00:00,EUR,34.547253
2015/05/12 上午 12:00:00,GBP,48.27927
2015/05/12 上午 12:00:00,JPY,0.257028
2015/05/12 上午 12:00:00,USD,30.81
2015/05/13 上午 12:00:00,AUD,24.971814
2015/05/13 上午 12:00:00,EUR,34.947612
2015/05/13 上午 12:00:00,GBP,48.466188
2015/05/13 上午 12:00:00,JPY,0.258308
2015/05/13 上午 12:00:00,USD,30.78
2015/05/14 上午 12:00:00,AUD,24.793316
2015/05/14 上午 12:00:00,EUR,35.007021
2015/05/14 上午 12:00:00,GBP,48.402346
2015/05/14 上午 12:00:00,JPY,0.257434
2015/05/14 上午 12:00:00,USD,30.681
2015/05/15 上午 12:00:00,AUD,24.64266
2015/05/15 上午 12:00:00,EUR,35.053801
2015/05/15 上午 12:00:00,GBP,48.149615
2015/05/15 上午 12:00:00,JPY,0.256747
2015/05/15 上午 12:00:00,USD,30.612
2015/05/18 上午 12:00:00,AUD,24.460451
2015/05/18 上午 12:00:00,EUR,34.635215
2015/05/18 上午 12:00:00,GBP,47.916894
2015/05/18 上午 12:00:00,JPY,0.255126
2015/05/18 上午 12:00:00,USD,30.61
2015/05/19 上午 12:00:00,AUD,24.248496
2015/05/19 上午 12:00:00,EUR,34.1636
2015/05/19 上午 12:00:00,GBP,47.547152
2015/05/19 上午 12:00:00,JPY,0.253874
2015/05/19 上午 12:00:00,USD,30.64
2015/05/20 上午 12:00:00,AUD,24.162075
2015/05/20 上午 12:00:00,EUR,34.038611
2015/05/20 上午 12:00:00,GBP,47.667555
2015/05/20 上午 12:00:00,JPY,0.252839
2015/05/20 上午 12:00:00,USD,30.682
2015/05/21 上午 12:00:00,AUD,24.198175
2015/05/21 上午 12:00:00,EUR,34.05828
2015/05/21 上午 12:00:00,GBP,48.007095
2015/05/21 上午 12:00:00,JPY,0.253222
2015/05/21 上午 12:00:00,USD,30.65
2015/05/22 上午 12:00:00,AUD,23.88917
2015/05/22 上午 12:00:00,EUR,33.640912
2015/05/22 上午 12:00:00,GBP,47.308009
2015/05/22 上午 12:00:00,JPY,0.251263
2015/05/22 上午 12:00:00,USD,30.541
2015/05/25 上午 12:00:00,AUD,23.91875
2015/05/25 上午 12:00:00,EUR,33.560844
2015/05/25 上午 12:00:00,GBP,47.293337
2015/05/25 上午 12:00:00,JPY,0.251489
2015/05/25 上午 12:00:00,USD,30.571
2015/05/26 上午 12:00:00,AUD,23.755709
2015/05/26 上午 12:00:00,EUR,33.385738
2015/05/26 上午 12:00:00,GBP,47.244258
2015/05/26 上午 12:00:00,JPY,0.249415
2015/05/26 上午 12:00:00,USD,30.708
2015/05/27 上午 12:00:00,AUD,23.747353
2015/05/27 上午 12:00:00,EUR,33.50254
2015/05/27 上午 12:00:00,GBP,47.178238
2015/05/27 上午 12:00:00,JPY,0.248443
2015/05/27 上午 12:00:00,USD,30.725
2015/05/28 上午 12:00:00,AUD,23.559685
2015/05/28 上午 12:00:00,EUR,33.720935
2015/05/28 上午 12:00:00,GBP,47.162491
2015/05/28 上午 12:00:00,JPY,0.248495
2015/05/28 上午 12:00:00,USD,30.801
2015/05/29 上午 12:00:00,AUD,23.597792
2015/05/29 上午 12:00:00,EUR,33.917968
2015/05/29 上午 12:00:00,GBP,47.201759
2015/05/29 上午 12:00:00,JPY,0.248679
2015/05/29 上午 12:00:00,USD,30.871
2015/05/31 上午 12:00:00,AUD,23.597792
2015/05/31 上午 12:00:00,EUR,33.917968
2015/05/31 上午 12:00:00,GBP,47.201759
2015/05/31 上午 12:00:00,JPY,0.248679
2015/05/31 上午 12:00:00,USD,30.871
2015/06/01 上午 12:00:00,AUD,23.526879
2015/06/01 上午 12:00:00,EUR,33.799396
2015/06/01 上午 12:00:00,GBP,47.01664
2015/06/01 上午 12:00:00,JPY,0.247912
2015/06/01 上午 12:00:00,USD,30.932
2015/06/02 上午 12:00:00,AUD,24.097855
2015/06/02 上午 12:00:00,EUR,34.57033
2015/06/02 上午 12:00:00,GBP,47.566369
2015/06/02 上午 12:00:00,JPY,0.249774
2015/06/02 上午 12:00:00,USD,31.002
2015/06/03 上午 12:00:00,AUD,24.075869
2015/06/03 上午 12:00:00,EUR,34.861463
2015/06/03 上午 12:00:00,GBP,47.43744
2015/06/03 上午 12:00:00,JPY,0.248869
2015/06/03 上午 12:00:00,USD,30.922
2015/06/04 上午 12:00:00,AUD,23.883572
2015/06/04 上午 12:00:00,EUR,34.907476
2015/06/04 上午 12:00:00,GBP,47.726763
2015/06/04 上午 12:00:00,JPY,0.249755
2015/06/04 上午 12:00:00,USD,31.062
2015/06/05 上午 12:00:00,AUD,23.646384
2015/06/05 上午 12:00:00,EUR,34.492068
2015/06/05 上午 12:00:00,GBP,47.388967
2015/06/05 上午 12:00:00,JPY,0.24707
2015/06/05 上午 12:00:00,USD,31.032
2015/06/08 上午 12:00:00,AUD,24.091133
2015/06/08 上午 12:00:00,EUR,35.31573
2015/06/08 上午 12:00:00,GBP,48.003998
2015/06/08 上午 12:00:00,JPY,0.251225
2015/06/08 上午 12:00:00,USD,31.275
2015/06/09 上午 12:00:00,AUD,24.074368
2015/06/09 上午 12:00:00,EUR,35.318047
2015/06/09 上午 12:00:00,GBP,48.158127
2015/06/09 上午 12:00:00,JPY,0.251725
2015/06/09 上午 12:00:00,USD,31.302
2015/06/10 上午 12:00:00,AUD,24.17394
2015/06/10 上午 12:00:00,EUR,35.28417
2015/06/10 上午 12:00:00,GBP,48.385268
2015/06/10 上午 12:00:00,JPY,0.253941
2015/06/10 上午 12:00:00,USD,31.156
2015/06/11 上午 12:00:00,AUD,24.166131
2015/06/11 上午 12:00:00,EUR,35.079063
2015/06/11 上午 12:00:00,GBP,48.354075
2015/06/11 上午 12:00:00,JPY,0.252467
2015/06/11 上午 12:00:00,USD,31.162
2015/06/12 上午 12:00:00,AUD,24.147066
2015/06/12 上午 12:00:00,EUR,35.179212
2015/06/12 上午 12:00:00,GBP,48.593901
2015/06/12 上午 12:00:00,JPY,0.253047
2015/06/12 上午 12:00:00,USD,31.226
2015/06/15 上午 12:00:00,AUD,24.27341
2015/06/15 上午 12:00:00,EUR,35.266145
2015/06/15 上午 12:00:00,GBP,48.762486
2015/06/15 上午 12:00:00,JPY,0.25327
2015/06/15 上午 12:00:00,USD,31.256
2015/06/16 上午 12:00:00,AUD,24.237403
2015/06/16 上午 12:00:00,EUR,35.167997
2015/06/16 上午 12:00:00,GBP,48.925037
2015/06/16 上午 12:00:00,JPY,0.253453
2015/06/16 上午 12:00:00,USD,31.266
2015/06/17 上午 12:00:00,AUD,24.227275
2015/06/17 上午 12:00:00,EUR,35.440596
2015/06/17 上午 12:00:00,GBP,49.492415
2015/06/17 上午 12:00:00,JPY,0.253269
2015/06/17 上午 12:00:00,USD,31.261
2015/06/18 上午 12:00:00,AUD,24.22836
2015/06/18 上午 12:00:00,EUR,35.283326
2015/06/18 上午 12:00:00,GBP,49.32335
2015/06/18 上午 12:00:00,JPY,0.252619
2015/06/18 上午 12:00:00,USD,31.062
2015/06/22 上午 12:00:00,AUD,23.933616
2015/06/22 上午 12:00:00,EUR,35.123077
2015/06/22 上午 12:00:00,GBP,49.006928
2015/06/22 上午 12:00:00,JPY,0.251013
2015/06/22 上午 12:00:00,USD,30.97
2015/06/23 上午 12:00:00,AUD,23.983147
2015/06/23 上午 12:00:00,EUR,34.623034
2015/06/23 上午 12:00:00,GBP,48.763046
2015/06/23 上午 12:00:00,JPY,0.250117
2015/06/23 上午 12:00:00,USD,31.002
2015/06/24 上午 12:00:00,AUD,23.922461
2015/06/24 上午 12:00:00,EUR,34.793766
2015/06/24 上午 12:00:00,GBP,48.770271
2015/06/24 上午 12:00:00,JPY,0.250723
2015/06/24 上午 12:00:00,USD,31.052
2015/06/25 上午 12:00:00,AUD,24.024932
2015/06/25 上午 12:00:00,EUR,34.787556
2015/06/25 上午 12:00:00,GBP,48.90069
2015/06/25 上午 12:00:00,JPY,0.251169
2015/06/25 上午 12:00:00,USD,31.052
2015/06/26 上午 12:00:00,AUD,23.834659
2015/06/26 上午 12:00:00,EUR,34.768218
2015/06/26 上午 12:00:00,GBP,49.011108
2015/06/26 上午 12:00:00,JPY,0.251389
2015/06/26 上午 12:00:00,USD,31.132
2015/06/29 上午 12:00:00,AUD,23.941586
2015/06/29 上午 12:00:00,EUR,35.031601
2015/06/29 上午 12:00:00,GBP,49.064819
2015/06/29 上午 12:00:00,JPY,0.254431
2015/06/29 上午 12:00:00,USD,31.178
2015/06/30 上午 12:00:00,AUD,23.948756
2015/06/30 上午 12:00:00,EUR,34.633729
2015/06/30 上午 12:00:00,GBP,48.823398
2015/06/30 上午 12:00:00,JPY,0.253633
2015/06/30 上午 12:00:00,USD,31.07
2015/07/01 上午 12:00:00,AUD,23.77595
2015/07/01 上午 12:00:00,EUR,34.37483
2015/07/01 上午 12:00:00,GBP,48.57198
2015/07/01 上午 12:00:00,JPY,0.252497
2015/07/01 上午 12:00:00,USD,31.1
2015/07/02 上午 12:00:00,AUD,23.77368
2015/07/02 上午 12:00:00,EUR,34.529775
2015/07/02 上午 12:00:00,GBP,48.622035
2015/07/02 上午 12:00:00,JPY,0.253129
2015/07/02 上午 12:00:00,USD,31.15
2015/07/03 上午 12:00:00,AUD,23.389792
2015/07/03 上午 12:00:00,EUR,34.58988
2015/07/03 上午 12:00:00,GBP,48.4694
2015/07/03 上午 12:00:00,JPY,0.253296
2015/07/03 上午 12:00:00,USD,31.12
2015/07/06 上午 12:00:00,AUD,23.359385
2015/07/06 上午 12:00:00,EUR,34.43944
2015/07/06 上午 12:00:00,GBP,48.60646
2015/07/06 上午 12:00:00,JPY,0.25414
2015/07/06 上午 12:00:00,USD,31.15
2015/07/07 上午 12:00:00,AUD,23.221922
2015/07/07 上午 12:00:00,EUR,34.312478
2015/07/07 上午 12:00:00,GBP,48.182684
2015/07/07 上午 12:00:00,JPY,0.254321
2015/07/07 上午 12:00:00,USD,31.162
2015/07/08 上午 12:00:00,AUD,23.197053
2015/07/08 上午 12:00:00,EUR,34.587933
2015/07/08 上午 12:00:00,GBP,47.964723
2015/07/08 上午 12:00:00,JPY,0.256721
2015/07/08 上午 12:00:00,USD,31.225
2015/07/09 上午 12:00:00,AUD,23.256981
2015/07/09 上午 12:00:00,EUR,34.465428
2015/07/09 上午 12:00:00,GBP,48.034863
2015/07/09 上午 12:00:00,JPY,0.257376
2015/07/09 上午 12:00:00,USD,31.23
2015/07/13 上午 12:00:00,AUD,23.10984
2015/07/13 上午 12:00:00,EUR,34.32624
2015/07/13 上午 12:00:00,GBP,48.31944
2015/07/13 上午 12:00:00,JPY,0.252795
2015/07/13 上午 12:00:00,USD,31.2
2015/07/14 上午 12:00:00,AUD,23.32625
2015/07/14 上午 12:00:00,EUR,34.460372
2015/07/14 上午 12:00:00,GBP,48.946937
2015/07/14 上午 12:00:00,JPY,0.253663
2015/07/14 上午 12:00:00,USD,31.302
2015/07/15 上午 12:00:00,AUD,23.075609
2015/07/15 上午 12:00:00,EUR,34.24284
2015/07/15 上午 12:00:00,GBP,48.906281
2015/07/15 上午 12:00:00,JPY,0.252683
2015/07/15 上午 12:00:00,USD,31.272
2015/07/16 上午 12:00:00,AUD,23.185055
2015/07/16 上午 12:00:00,EUR,34.049625
2015/07/16 上午 12:00:00,GBP,48.878041
2015/07/16 上午 12:00:00,JPY,0.252195
2015/07/16 上午 12:00:00,USD,31.31
2015/07/17 上午 12:00:00,AUD,23.080075
2015/07/17 上午 12:00:00,EUR,33.910896
2015/07/17 上午 12:00:00,GBP,48.881163
2015/07/17 上午 12:00:00,JPY,0.252353
2015/07/17 上午 12:00:00,USD,31.312
2015/07/20 上午 12:00:00,AUD,23.105322
2015/07/20 上午 12:00:00,EUR,33.927715
2015/07/20 上午 12:00:00,GBP,48.783823
2015/07/20 上午 12:00:00,JPY,0.252189
2015/07/20 上午 12:00:00,USD,31.342
2015/07/21 上午 12:00:00,AUD,23.303994
2015/07/21 上午 12:00:00,EUR,34.343555
2015/07/21 上午 12:00:00,GBP,48.85987
2015/07/21 上午 12:00:00,JPY,0.253507
2015/07/21 上午 12:00:00,USD,31.407
2015/07/22 上午 12:00:00,AUD,23.12837
2015/07/22 上午 12:00:00,EUR,34.264601
2015/07/22 上午 12:00:00,GBP,48.949878
2015/07/22 上午 12:00:00,JPY,0.2529
2015/07/22 上午 12:00:00,USD,31.352
2015/07/23 上午 12:00:00,AUD,23.132946
2015/07/23 上午 12:00:00,EUR,34.546877
2015/07/23 上午 12:00:00,GBP,48.791488
2015/07/23 上午 12:00:00,JPY,0.253809
2015/07/23 上午 12:00:00,USD,31.452
2015/07/24 上午 12:00:00,AUD,22.963299
2015/07/24 上午 12:00:00,EUR,34.638858
2015/07/24 上午 12:00:00,GBP,48.909336
2015/07/24 上午 12:00:00,JPY,0.254664
2015/07/24 上午 12:00:00,USD,31.53
2015/07/27 上午 12:00:00,AUD,22.94412
2015/07/27 上午 12:00:00,EUR,34.990572
2015/07/27 上午 12:00:00,GBP,49.10736
2015/07/27 上午 12:00:00,JPY,0.256065
2015/07/27 上午 12:00:00,USD,31.56
2015/07/28 上午 12:00:00,AUD,23.160263
2015/07/28 上午 12:00:00,EUR,34.92195
2015/07/28 上午 12:00:00,GBP,49.301205
2015/07/28 上午 12:00:00,JPY,0.255544
2015/07/28 上午 12:00:00,USD,31.575
2015/07/29 上午 12:00:00,AUD,22.999181
2015/07/29 上午 12:00:00,EUR,34.624863
2015/07/29 上午 12:00:00,GBP,49.17588
2015/07/29 上午 12:00:00,JPY,0.254341
2015/07/29 上午 12:00:00,USD,31.523
2015/07/30 上午 12:00:00,AUD,23.043449
2015/07/30 上午 12:00:00,EUR,34.546213
2015/07/30 上午 12:00:00,GBP,49.30072
2015/07/30 上午 12:00:00,JPY,0.254559
2015/07/30 上午 12:00:00,USD,31.601
2015/07/31 上午 12:00:00,AUD,23.153206
2015/07/31 上午 12:00:00,EUR,34.799509
2015/07/31 上午 12:00:00,GBP,49.499957
2015/07/31 上午 12:00:00,JPY,0.255706
2015/07/31 上午 12:00:00,USD,31.682
2015/08/03 上午 12:00:00,AUD,23.097093
2015/08/03 上午 12:00:00,EUR,34.716975
2015/08/03 上午 12:00:00,GBP,49.418584
2015/08/03 上午 12:00:00,JPY,0.255603
2015/08/03 上午 12:00:00,USD,31.705
2015/08/04 上午 12:00:00,AUD,23.413788
2015/08/04 上午 12:00:00,EUR,34.524233
2015/08/04 上午 12:00:00,GBP,49.375174
2015/08/04 上午 12:00:00,JPY,0.255073
2015/08/04 上午 12:00:00,USD,31.726
2015/08/05 上午 12:00:00,AUD,23.3553
2015/08/05 上午 12:00:00,EUR,34.62655
2015/08/05 上午 12:00:00,GBP,49.539525
2015/08/05 上午 12:00:00,JPY,0.254264
2015/08/05 上午 12:00:00,USD,31.75
2015/08/06 上午 12:00:00,AUD,23.330399
2015/08/06 上午 12:00:00,EUR,34.692338
2015/08/06 上午 12:00:00,GBP,49.258356
2015/08/06 上午 12:00:00,JPY,0.25457
2015/08/06 上午 12:00:00,USD,31.755
2015/08/07 上午 12:00:00,AUD,23.570163
2015/08/07 上午 12:00:00,EUR,34.829451
2015/08/07 上午 12:00:00,GBP,49.218084
2015/08/07 上午 12:00:00,JPY,0.255735
2015/08/07 上午 12:00:00,USD,31.77
2015/08/10 上午 12:00:00,AUD,23.543688
2015/08/10 上午 12:00:00,EUR,34.996344
2015/08/10 上午 12:00:00,GBP,49.523368
2015/08/10 上午 12:00:00,JPY,0.254834
2015/08/10 上午 12:00:00,USD,31.76
2015/08/11 上午 12:00:00,AUD,23.428024
2015/08/11 上午 12:00:00,EUR,35.422736
2015/08/11 上午 12:00:00,GBP,49.958184
2015/08/11 上午 12:00:00,JPY,0.256373
2015/08/11 上午 12:00:00,USD,32.08
2015/08/12 上午 12:00:00,AUD,23.955924
2015/08/12 上午 12:00:00,EUR,36.224447
2015/08/12 上午 12:00:00,GBP,50.687605
2015/08/12 上午 12:00:00,JPY,0.261372
2015/08/12 上午 12:00:00,USD,32.465
2015/08/13 上午 12:00:00,AUD,23.821376
2015/08/13 上午 12:00:00,EUR,36.08809
2015/08/13 上午 12:00:00,GBP,50.529799
2015/08/13 上午 12:00:00,JPY,0.260072
2015/08/13 上午 12:00:00,USD,32.366
2015/08/14 上午 12:00:00,AUD,23.903768
2015/08/14 上午 12:00:00,EUR,35.960848
2015/08/14 上午 12:00:00,GBP,50.620315
2015/08/14 上午 12:00:00,JPY,0.26036
2015/08/14 上午 12:00:00,USD,32.368
2015/08/17 上午 12:00:00,AUD,24.048201
2015/08/17 上午 12:00:00,EUR,36.140806
2015/08/17 上午 12:00:00,GBP,50.839829
2015/08/17 上午 12:00:00,JPY,0.262248
2015/08/17 上午 12:00:00,USD,32.621
2015/08/18 上午 12:00:00,AUD,23.970567
2015/08/18 上午 12:00:00,EUR,35.996667
2015/08/18 上午 12:00:00,GBP,51.134598
2015/08/18 上午 12:00:00,JPY,0.262463
2015/08/18 上午 12:00:00,USD,32.653
2015/08/19 上午 12:00:00,AUD,24.004446
2015/08/19 上午 12:00:00,EUR,36.326816
2015/08/19 上午 12:00:00,GBP,51.223424
2015/08/19 上午 12:00:00,JPY,0.263877
2015/08/19 上午 12:00:00,USD,32.668
2015/08/20 上午 12:00:00,AUD,23.975849
2015/08/20 上午 12:00:00,EUR,36.736608
2015/08/20 上午 12:00:00,GBP,51.268514
2015/08/20 上午 12:00:00,JPY,0.264792
2015/08/20 上午 12:00:00,USD,32.678
2015/08/21 上午 12:00:00,AUD,24.055369
2015/08/21 上午 12:00:00,EUR,37.432614
2015/08/21 上午 12:00:00,GBP,51.598882
2015/08/21 上午 12:00:00,JPY,0.269365
2015/08/21 上午 12:00:00,USD,32.876
2015/08/24 上午 12:00:00,AUD,23.586176
2015/08/24 上午 12:00:00,EUR,38.292928
2015/08/24 上午 12:00:00,GBP,51.9944
2015/08/24 上午 12:00:00,JPY,0.278355
2015/08/24 上午 12:00:00,USD,32.96
2015/08/25 上午 12:00:00,AUD,23.436151
2015/08/25 上午 12:00:00,EUR,37.863456
2015/08/25 上午 12:00:00,GBP,51.580575
2015/08/25 上午 12:00:00,JPY,0.276689
2015/08/25 上午 12:00:00,USD,32.879
2015/08/26 上午 12:00:00,AUD,23.33851
2015/08/26 上午 12:00:00,EUR,37.070321
2015/08/26 上午 12:00:00,GBP,50.667796
2015/08/26 上午 12:00:00,JPY,0.273224
2015/08/26 上午 12:00:00,USD,32.765
2015/08/27 上午 12:00:00,AUD,23.482982
2015/08/27 上午 12:00:00,EUR,36.856419
2015/08/27 上午 12:00:00,GBP,50.475631
2015/08/27 上午 12:00:00,JPY,0.270759
2015/08/27 上午 12:00:00,USD,32.77
2015/08/28 上午 12:00:00,AUD,23.510633
2015/08/28 上午 12:00:00,EUR,36.655482
2015/08/28 上午 12:00:00,GBP,50.455771
2015/08/28 上午 12:00:00,JPY,0.269263
2015/08/28 上午 12:00:00,USD,32.772
2015/08/31 上午 12:00:00,AUD,23.337753
2015/08/31 上午 12:00:00,EUR,36.783291
2015/08/31 上午 12:00:00,GBP,50.346945
2015/08/31 上午 12:00:00,JPY,0.270643
2015/08/31 上午 12:00:00,USD,32.81
2015/09/01 上午 12:00:00,AUD,22.934824
2015/09/01 上午 12:00:00,EUR,36.97742
2015/09/01 上午 12:00:00,GBP,50.01674
2015/09/01 上午 12:00:00,JPY,0.273748
2015/09/01 上午 12:00:00,USD,32.68
2015/09/02 上午 12:00:00,AUD,23.057896
2015/09/02 上午 12:00:00,EUR,36.781897
2015/09/02 上午 12:00:00,GBP,50.122584
2015/09/02 上午 12:00:00,JPY,0.272268
2015/09/02 上午 12:00:00,USD,32.762
2015/09/03 上午 12:00:00,AUD,23.019742
2015/09/03 上午 12:00:00,EUR,36.484552
2015/09/03 上午 12:00:00,GBP,50.044486
2015/09/03 上午 12:00:00,JPY,0.273182
2015/09/03 上午 12:00:00,USD,32.801
2015/09/04 上午 12:00:00,AUD,22.690886
2015/09/04 上午 12:00:00,EUR,36.566112
2015/09/04 上午 12:00:00,GBP,49.797811
2015/09/04 上午 12:00:00,JPY,0.275884
2015/09/04 上午 12:00:00,USD,32.833
2015/09/07 上午 12:00:00,AUD,22.804194
2015/09/07 上午 12:00:00,EUR,36.788395
2015/09/07 上午 12:00:00,GBP,50.3148
2015/09/07 上午 12:00:00,JPY,0.276115
2015/09/07 上午 12:00:00,USD,32.935
2015/09/08 上午 12:00:00,AUD,23.158205
2015/09/08 上午 12:00:00,EUR,36.969961
2015/09/08 上午 12:00:00,GBP,50.811419
2015/09/08 上午 12:00:00,JPY,0.275461
2015/09/08 上午 12:00:00,USD,33.003
2015/09/09 上午 12:00:00,AUD,23.001495
2015/09/09 上午 12:00:00,EUR,36.730943
2015/09/09 上午 12:00:00,GBP,50.371898
2015/09/09 上午 12:00:00,JPY,0.271969
2015/09/09 上午 12:00:00,USD,32.775
2015/09/10 上午 12:00:00,AUD,23.235763
2015/09/10 上午 12:00:00,EUR,37.061568
2015/09/10 上午 12:00:00,GBP,50.746092
2015/09/10 上午 12:00:00,JPY,0.27237
2015/09/10 上午 12:00:00,USD,32.856
2015/09/11 上午 12:00:00,AUD,23.197932
2015/09/11 上午 12:00:00,EUR,37.102953
2015/09/11 上午 12:00:00,GBP,50.458446
2015/09/11 上午 12:00:00,JPY,0.27125
2015/09/11 上午 12:00:00,USD,32.71
2015/09/14 上午 12:00:00,AUD,23.352264
2015/09/14 上午 12:00:00,EUR,37.025952
2015/09/14 上午 12:00:00,GBP,50.477144
2015/09/14 上午 12:00:00,JPY,0.272122
2015/09/14 上午 12:00:00,USD,32.72
2015/09/15 上午 12:00:00,AUD,23.415761
2015/09/15 上午 12:00:00,EUR,36.946543
2015/09/15 上午 12:00:00,GBP,50.30356
2015/09/15 上午 12:00:00,JPY,0.272264
2015/09/15 上午 12:00:00,USD,32.786
2015/09/16 上午 12:00:00,AUD,23.582088
2015/09/16 上午 12:00:00,EUR,36.988298
2015/09/16 上午 12:00:00,GBP,50.758167
2015/09/16 上午 12:00:00,JPY,0.271726
2015/09/16 上午 12:00:00,USD,32.762
2015/09/17 上午 12:00:00,AUD,23.431719
2015/09/17 上午 12:00:00,EUR,37.362062
2015/09/17 上午 12:00:00,GBP,50.920058
2015/09/17 上午 12:00:00,JPY,0.272138
2015/09/17 上午 12:00:00,USD,32.662
2015/09/18 上午 12:00:00,AUD,23.57942
2015/09/18 上午 12:00:00,EUR,36.915723
2015/09/18 上午 12:00:00,GBP,50.738704
2015/09/18 上午 12:00:00,JPY,0.272192
2015/09/18 上午 12:00:00,USD,32.663
2015/09/21 上午 12:00:00,AUD,23.488801
2015/09/21 上午 12:00:00,EUR,36.855447
2015/09/21 上午 12:00:00,GBP,51.078507
2015/09/21 上午 12:00:00,JPY,0.273239
2015/09/21 上午 12:00:00,USD,32.939
2015/09/22 上午 12:00:00,AUD,23.373142
2015/09/22 上午 12:00:00,EUR,36.663752
2015/09/22 上午 12:00:00,GBP,50.659942
2015/09/22 上午 12:00:00,JPY,0.274415
2015/09/22 上午 12:00:00,USD,32.971
2015/09/23 上午 12:00:00,AUD,23.284975
2015/09/23 上午 12:00:00,EUR,37.19345
2015/09/23 上午 12:00:00,GBP,50.69295
2015/09/23 上午 12:00:00,JPY,0.276438
2015/09/23 上午 12:00:00,USD,33.25
2015/09/24 上午 12:00:00,AUD,23.36515
2015/09/24 上午 12:00:00,EUR,37.364284
2015/09/24 上午 12:00:00,GBP,50.701544
2015/09/24 上午 12:00:00,JPY,0.277028
2015/09/24 上午 12:00:00,USD,33.26
2015/09/25 上午 12:00:00,AUD,23.390959
2015/09/25 上午 12:00:00,EUR,37.280382
2015/09/25 上午 12:00:00,GBP,50.543914
2015/09/25 上午 12:00:00,JPY,0.276076
2015/09/25 上午 12:00:00,USD,33.292
2015/09/30 上午 12:00:00,AUD,23.245918
2015/09/30 上午 12:00:00,EUR,37.027166
2015/09/30 上午 12:00:00,GBP,50.112726
2015/09/30 上午 12:00:00,JPY,0.276343
2015/09/30 上午 12:00:00,USD,33.128
2015/10/01 上午 12:00:00,AUD,23.25524
2015/10/01 上午 12:00:00,EUR,37.03306
2015/10/01 上午 12:00:00,GBP,50.053348
2015/10/01 上午 12:00:00,JPY,0.275828
2015/10/01 上午 12:00:00,USD,33.08
2015/10/02 上午 12:00:00,AUD,23.368349
2015/10/02 上午 12:00:00,EUR,37.181138
2015/10/02 上午 12:00:00,GBP,50.390489
2015/10/02 上午 12:00:00,JPY,0.276507
2015/10/02 上午 12:00:00,USD,33.156
2015/10/05 上午 12:00:00,AUD,23.375317
2015/10/05 上午 12:00:00,EUR,36.922638
2015/10/05 上午 12:00:00,GBP,49.984829
2015/10/05 上午 12:00:00,JPY,0.273966
2015/10/05 上午 12:00:00,USD,33.002
2015/10/06 上午 12:00:00,AUD,23.599361
2015/10/06 上午 12:00:00,EUR,37.126586
2015/10/06 上午 12:00:00,GBP,50.156464
2015/10/06 上午 12:00:00,JPY,0.27395
2015/10/06 上午 12:00:00,USD,32.937
2015/10/07 上午 12:00:00,AUD,23.694138
2015/10/07 上午 12:00:00,EUR,36.941554
2015/10/07 上午 12:00:00,GBP,50.356617
2015/10/07 上午 12:00:00,JPY,0.273888
2015/10/07 上午 12:00:00,USD,32.872
2015/10/08 上午 12:00:00,AUD,23.8491
2015/10/08 上午 12:00:00,EUR,37.04166
2015/10/08 上午 12:00:00,GBP,50.41818
2015/10/08 上午 12:00:00,JPY,0.27391
2015/10/08 上午 12:00:00,USD,32.85
2015/10/12 上午 12:00:00,AUD,23.970672
2015/10/12 上午 12:00:00,EUR,36.984904
2015/10/12 上午 12:00:00,GBP,49.973088
2015/10/12 上午 12:00:00,JPY,0.271243
2015/10/12 上午 12:00:00,USD,32.56
2015/10/13 上午 12:00:00,AUD,23.716132
2015/10/13 上午 12:00:00,EUR,37.256982
2015/10/13 上午 12:00:00,GBP,49.920427
2015/10/13 上午 12:00:00,JPY,0.273417
2015/10/13 上午 12:00:00,USD,32.739
2015/10/14 上午 12:00:00,AUD,23.904934
2015/10/14 上午 12:00:00,EUR,37.568171
2015/10/14 上午 12:00:00,GBP,50.674793
2015/10/14 上午 12:00:00,JPY,0.275536
2015/10/14 上午 12:00:00,USD,32.742
2015/10/15 上午 12:00:00,AUD,23.787735
2015/10/15 上午 12:00:00,EUR,36.949049
2015/10/15 上午 12:00:00,GBP,50.185013
2015/10/15 上午 12:00:00,JPY,0.273
2015/10/15 上午 12:00:00,USD,32.457
2015/10/16 上午 12:00:00,AUD,23.614883
2015/10/16 上午 12:00:00,EUR,36.893175
2015/10/16 上午 12:00:00,GBP,50.174718
2015/10/16 上午 12:00:00,JPY,0.272191
2015/10/16 上午 12:00:00,USD,32.505
2015/10/19 上午 12:00:00,AUD,23.496566
2015/10/19 上午 12:00:00,EUR,36.719869
2015/10/19 上午 12:00:00,GBP,50.134437
2015/10/19 上午 12:00:00,JPY,0.27128
2015/10/19 上午 12:00:00,USD,32.418
2015/10/20 上午 12:00:00,AUD,23.60226
2015/10/20 上午 12:00:00,EUR,36.879344
2015/10/20 上午 12:00:00,GBP,50.208444
2015/10/20 上午 12:00:00,JPY,0.271278
2015/10/20 上午 12:00:00,USD,32.51
2015/10/21 上午 12:00:00,AUD,23.474318
2015/10/21 上午 12:00:00,EUR,36.917516
2015/10/21 上午 12:00:00,GBP,50.194669
2015/10/21 上午 12:00:00,JPY,0.271475
2015/10/21 上午 12:00:00,USD,32.558
2015/10/22 上午 12:00:00,AUD,23.539886
2015/10/22 上午 12:00:00,EUR,36.279772
2015/10/22 上午 12:00:00,GBP,50.273725
2015/10/22 上午 12:00:00,JPY,0.270594
2015/10/22 上午 12:00:00,USD,32.658
2015/10/23 上午 12:00:00,AUD,23.471135
2015/10/23 上午 12:00:00,EUR,35.822823
2015/10/23 上午 12:00:00,GBP,49.780654
2015/10/23 上午 12:00:00,JPY,0.267685
2015/10/23 上午 12:00:00,USD,32.513
2015/10/26 上午 12:00:00,AUD,23.710029
2015/10/26 上午 12:00:00,EUR,36.168506
2015/10/26 上午 12:00:00,GBP,50.216592
2015/10/26 上午 12:00:00,JPY,0.270113
2015/10/26 上午 12:00:00,USD,32.708
2015/10/27 上午 12:00:00,AUD,23.497312
2015/10/27 上午 12:00:00,EUR,36.10698
2015/10/27 上午 12:00:00,GBP,49.997548
2015/10/27 上午 12:00:00,JPY,0.271283
2015/10/27 上午 12:00:00,USD,32.676
2015/10/28 上午 12:00:00,AUD,23.256089
2015/10/28 上午 12:00:00,EUR,35.702918
2015/10/28 上午 12:00:00,GBP,49.885373
2015/10/28 上午 12:00:00,JPY,0.269931
2015/10/28 上午 12:00:00,USD,32.686
2015/10/29 上午 12:00:00,AUD,23.242334
2015/10/29 上午 12:00:00,EUR,36.066031
2015/10/29 上午 12:00:00,GBP,50.302536
2015/10/29 上午 12:00:00,JPY,0.271246
2015/10/29 上午 12:00:00,USD,32.856
2015/10/30 上午 12:00:00,AUD,23.417348
2015/10/30 上午 12:00:00,EUR,36.105161
2015/10/30 上午 12:00:00,GBP,50.610206
2015/10/30 上午 12:00:00,JPY,0.271945
2015/10/30 上午 12:00:00,USD,32.802
2015/10/31 上午 12:00:00,AUD,23.417348
2015/10/31 上午 12:00:00,EUR,36.105161
2015/10/31 上午 12:00:00,GBP,50.610206
2015/10/31 上午 12:00:00,JPY,0.271945
2015/10/31 上午 12:00:00,USD,32.802
2015/11/02 上午 12:00:00,AUD,23.382427
2015/11/02 上午 12:00:00,EUR,36.045454
2015/11/02 上午 12:00:00,GBP,50.442694
2015/11/02 上午 12:00:00,JPY,0.270959
2015/11/02 上午 12:00:00,USD,32.721
2015/11/03 上午 12:00:00,AUD,23.444325
2015/11/03 上午 12:00:00,EUR,35.77005
2015/11/03 上午 12:00:00,GBP,50.30775
2015/11/03 上午 12:00:00,JPY,0.269472
2015/11/03 上午 12:00:00,USD,32.625
2015/11/04 上午 12:00:00,AUD,23.302166
2015/11/04 上午 12:00:00,EUR,35.417727
2015/11/04 上午 12:00:00,GBP,50.147408
2015/11/04 上午 12:00:00,JPY,0.268117
2015/11/04 上午 12:00:00,USD,32.595
2015/11/05 上午 12:00:00,AUD,23.373739
2015/11/05 上午 12:00:00,EUR,35.610271
2015/11/05 上午 12:00:00,GBP,49.760806
2015/11/05 上午 12:00:00,JPY,0.268731
2015/11/05 上午 12:00:00,USD,32.718
2015/11/06 上午 12:00:00,AUD,23.048466
2015/11/06 上午 12:00:00,EUR,35.155293
2015/11/06 上午 12:00:00,GBP,49.281561
2015/11/06 上午 12:00:00,JPY,0.265838
2015/11/06 上午 12:00:00,USD,32.73
2015/11/09 上午 12:00:00,AUD,23.133427
2015/11/09 上午 12:00:00,EUR,35.300966
2015/11/09 上午 12:00:00,GBP,49.628851
2015/11/09 上午 12:00:00,JPY,0.266537
2015/11/09 上午 12:00:00,USD,32.832
2015/11/10 上午 12:00:00,AUD,23.10012
2015/11/10 上午 12:00:00,EUR,35.22834
2015/11/10 上午 12:00:00,GBP,49.659345
2015/11/10 上午 12:00:00,JPY,0.266726
2015/11/10 上午 12:00:00,USD,32.85
2015/11/11 上午 12:00:00,AUD,23.203368
2015/11/11 上午 12:00:00,EUR,35.292904
2015/11/11 上午 12:00:00,GBP,49.977748
2015/11/11 上午 12:00:00,JPY,0.267394
2015/11/11 上午 12:00:00,USD,32.852
2015/11/12 上午 12:00:00,AUD,23.44783
2015/11/12 上午 12:00:00,EUR,35.57806
2015/11/12 上午 12:00:00,GBP,50.11657
2015/11/12 上午 12:00:00,JPY,0.26833
2015/11/12 上午 12:00:00,USD,32.9
2015/11/13 上午 12:00:00,AUD,23.443659
2015/11/13 上午 12:00:00,EUR,35.448498
2015/11/13 上午 12:00:00,GBP,50.14192
2015/11/13 上午 12:00:00,JPY,0.268374
2015/11/13 上午 12:00:00,USD,32.908
2015/11/16 上午 12:00:00,AUD,23.432411
2015/11/16 上午 12:00:00,EUR,35.287309
2015/11/16 上午 12:00:00,GBP,50.200044
2015/11/16 上午 12:00:00,JPY,0.268079
2015/11/16 上午 12:00:00,USD,33.022
2015/11/17 上午 12:00:00,AUD,23.45182
2015/11/17 上午 12:00:00,EUR,35.091995
2015/11/17 上午 12:00:00,GBP,50.164868
2015/11/17 上午 12:00:00,JPY,0.267134
2015/11/17 上午 12:00:00,USD,32.975
2015/11/18 上午 12:00:00,AUD,23.471278
2015/11/18 上午 12:00:00,EUR,35.182161
2015/11/18 上午 12:00:00,GBP,50.289465
2015/11/18 上午 12:00:00,JPY,0.266982
2015/11/18 上午 12:00:00,USD,33.007
2015/11/19 上午 12:00:00,AUD,23.639484
2015/11/19 上午 12:00:00,EUR,35.271924
2015/11/19 上午 12:00:00,GBP,50.246226
2015/11/19 上午 12:00:00,JPY,0.267437
2015/11/19 上午 12:00:00,USD,32.86
2015/11/20 上午 12:00:00,AUD,23.650698
2015/11/20 上午 12:00:00,EUR,34.844358
2015/11/20 上午 12:00:00,GBP,49.723416
2015/11/20 上午 12:00:00,JPY,0.266509
2015/11/20 上午 12:00:00,USD,32.73
2015/11/23 上午 12:00:00,AUD,23.573938
2015/11/23 上午 12:00:00,EUR,34.865959
2015/11/23 上午 12:00:00,GBP,49.570169
2015/11/23 上午 12:00:00,JPY,0.266835
2015/11/23 上午 12:00:00,USD,32.778
2015/11/24 上午 12:00:00,AUD,23.757223
2015/11/24 上午 12:00:00,EUR,34.854842
2015/11/24 上午 12:00:00,GBP,49.397341
2015/11/24 上午 12:00:00,JPY,0.267249
2015/11/24 上午 12:00:00,USD,32.746
2015/11/25 上午 12:00:00,AUD,23.675604
2015/11/25 上午 12:00:00,EUR,34.684173
2015/11/25 上午 12:00:00,GBP,49.385117
2015/11/25 上午 12:00:00,JPY,0.266028
2015/11/25 上午 12:00:00,USD,32.647
2015/11/26 上午 12:00:00,AUD,23.626473
2015/11/26 上午 12:00:00,EUR,34.695761
2015/11/26 上午 12:00:00,GBP,49.38505
2015/11/26 上午 12:00:00,JPY,0.266816
2015/11/26 上午 12:00:00,USD,32.701
2015/11/27 上午 12:00:00,AUD,23.607111
2015/11/27 上午 12:00:00,EUR,34.76093
2015/11/27 上午 12:00:00,GBP,49.33079
2015/11/27 上午 12:00:00,JPY,0.26731
2015/11/27 上午 12:00:00,USD,32.815
2015/11/30 上午 12:00:00,AUD,23.726241
2015/11/30 上午 12:00:00,EUR,34.684895
2015/11/30 上午 12:00:00,GBP,49.428848
2015/11/30 上午 12:00:00,JPY,0.266694
2015/11/30 上午 12:00:00,USD,32.83
2015/12/01 上午 12:00:00,AUD,24.046157
2015/12/01 上午 12:00:00,EUR,34.906982
2015/12/01 上午 12:00:00,GBP,49.510656
2015/12/01 上午 12:00:00,JPY,0.267188
2015/12/01 上午 12:00:00,USD,32.832
2015/12/02 上午 12:00:00,AUD,24.045512
2015/12/02 上午 12:00:00,EUR,34.923244
2015/12/02 上午 12:00:00,GBP,49.196566
2015/12/02 上午 12:00:00,JPY,0.266961
2015/12/02 上午 12:00:00,USD,32.903
2015/12/03 上午 12:00:00,AUD,24.180877
2015/12/03 上午 12:00:00,EUR,36.03089
2015/12/03 上午 12:00:00,GBP,49.876764
2015/12/03 上午 12:00:00,JPY,0.268616
2015/12/03 上午 12:00:00,USD,32.935
2015/12/04 上午 12:00:00,AUD,24.097912
2015/12/04 上午 12:00:00,EUR,35.707054
2015/12/04 上午 12:00:00,GBP,49.600606
2015/12/04 上午 12:00:00,JPY,0.266585
2015/12/04 上午 12:00:00,USD,32.822
2015/12/07 上午 12:00:00,AUD,23.937885
2015/12/07 上午 12:00:00,EUR,35.696037
2015/12/07 上午 12:00:00,GBP,49.585148
2015/12/07 上午 12:00:00,JPY,0.266969
2015/12/07 上午 12:00:00,USD,32.936
2015/12/08 上午 12:00:00,AUD,23.832892
2015/12/08 上午 12:00:00,EUR,35.9839
2015/12/08 上午 12:00:00,GBP,49.58193
2015/12/08 上午 12:00:00,JPY,0.268746
2015/12/08 上午 12:00:00,USD,33.037
2015/12/09 上午 12:00:00,AUD,23.892981
2015/12/09 上午 12:00:00,EUR,36.434318
2015/12/09 上午 12:00:00,GBP,50.168651
2015/12/09 上午 12:00:00,JPY,0.272126
2015/12/09 上午 12:00:00,USD,33.047
2015/12/10 上午 12:00:00,AUD,24.038222
2015/12/10 上午 12:00:00,EUR,36.125013
2015/12/10 上午 12:00:00,GBP,50.05074
2015/12/10 上午 12:00:00,JPY,0.271594
2015/12/10 上午 12:00:00,USD,33.015
2015/12/11 上午 12:00:00,AUD,23.695242
2015/12/11 上午 12:00:00,EUR,36.228535
2015/12/11 上午 12:00:00,GBP,50.136469
2015/12/11 上午 12:00:00,JPY,0.272483
2015/12/11 上午 12:00:00,USD,32.965
2015/12/14 上午 12:00:00,AUD,23.95301
2015/12/14 上午 12:00:00,EUR,36.346147
2015/12/14 上午 12:00:00,GBP,50.068537
2015/12/14 上午 12:00:00,JPY,0.273228
2015/12/14 上午 12:00:00,USD,33.066
2015/12/15 上午 12:00:00,AUD,23.755602
2015/12/15 上午 12:00:00,EUR,36.097418
2015/12/15 上午 12:00:00,GBP,49.667801
2015/12/15 上午 12:00:00,JPY,0.271439
2015/12/15 上午 12:00:00,USD,33.026
2015/12/16 上午 12:00:00,AUD,23.832735
2015/12/16 上午 12:00:00,EUR,35.95504
2015/12/16 上午 12:00:00,GBP,49.43818
2015/12/16 上午 12:00:00,JPY,0.269618
2015/12/16 上午 12:00:00,USD,32.95
2015/12/17 上午 12:00:00,AUD,23.553955
2015/12/17 上午 12:00:00,EUR,35.763691
2015/12/17 上午 12:00:00,GBP,49.235364
2015/12/17 上午 12:00:00,JPY,0.269541
2015/12/17 上午 12:00:00,USD,33.035
2015/12/18 上午 12:00:00,AUD,23.764759
2015/12/18 上午 12:00:00,EUR,35.991556
2015/12/18 上午 12:00:00,GBP,49.32446
2015/12/18 上午 12:00:00,JPY,0.272837
2015/12/18 上午 12:00:00,USD,33.117
2015/12/21 上午 12:00:00,AUD,23.788115
2015/12/21 上午 12:00:00,EUR,36.108969
2015/12/21 上午 12:00:00,GBP,49.247023
2015/12/21 上午 12:00:00,JPY,0.272979
2015/12/21 上午 12:00:00,USD,33.085
2015/12/22 上午 12:00:00,AUD,23.937306
2015/12/22 上午 12:00:00,EUR,36.253404
2015/12/22 上午 12:00:00,GBP,49.065852
2015/12/22 上午 12:00:00,JPY,0.273313
2015/12/22 上午 12:00:00,USD,33.09
2015/12/23 上午 12:00:00,AUD,23.94785
2015/12/23 上午 12:00:00,EUR,36.11872
2015/12/23 上午 12:00:00,GBP,49.2197
2015/12/23 上午 12:00:00,JPY,0.273735
2015/12/23 上午 12:00:00,USD,33.1
2015/12/24 上午 12:00:00,AUD,23.946251
2015/12/24 上午 12:00:00,EUR,36.183393
2015/12/24 上午 12:00:00,GBP,49.209282
2015/12/24 上午 12:00:00,JPY,0.274057
2015/12/24 上午 12:00:00,USD,33.002
2015/12/25 上午 12:00:00,AUD,23.968231
2015/12/25 上午 12:00:00,EUR,36.232889
2015/12/25 上午 12:00:00,GBP,48.972819
2015/12/25 上午 12:00:00,JPY,0.274516
2015/12/25 上午 12:00:00,USD,33.005
2015/12/28 上午 12:00:00,AUD,23.9395
2015/12/28 上午 12:00:00,EUR,36.216336
2015/12/28 上午 12:00:00,GBP,49.137062
2015/12/28 上午 12:00:00,JPY,0.274252
2015/12/28 上午 12:00:00,USD,33.02
2015/12/29 上午 12:00:00,AUD,24.10564
2015/12/29 上午 12:00:00,EUR,36.07422
2015/12/29 上午 12:00:00,GBP,48.951263
2015/12/29 上午 12:00:00,JPY,0.27424
2015/12/29 上午 12:00:00,USD,33.035
2015/12/30 上午 12:00:00,AUD,24.083535
2015/12/30 上午 12:00:00,EUR,36.133565
2015/12/30 上午 12:00:00,GBP,48.963575
2015/12/30 上午 12:00:00,JPY,0.274206
2015/12/30 上午 12:00:00,USD,33.05
2015/12/31 上午 12:00:00,AUD,24.095194
2015/12/31 上午 12:00:00,EUR,35.89645
2015/12/31 上午 12:00:00,GBP,48.726058
2015/12/31 上午 12:00:00,JPY,0.275412
2015/12/31 上午 12:00:00,USD,33.066
2016/01/04 上午 12:00:00,AUD,23.896684
2016/01/04 上午 12:00:00,EUR,35.997912
2016/01/04 上午 12:00:00,GBP,48.913421
2016/01/04 上午 12:00:00,JPY,0.278265
2016/01/04 上午 12:00:00,USD,33.236
2016/01/05 上午 12:00:00,AUD,23.824647
2016/01/05 上午 12:00:00,EUR,35.755269
2016/01/05 上午 12:00:00,GBP,48.823725
2016/01/05 上午 12:00:00,JPY,0.279439
2016/01/05 上午 12:00:00,USD,33.27
2016/01/06 上午 12:00:00,AUD,23.657962
2016/01/06 上午 12:00:00,EUR,36.065679
2016/01/06 上午 12:00:00,GBP,48.945084
2016/01/06 上午 12:00:00,JPY,0.282375
2016/01/06 上午 12:00:00,USD,33.453
2016/01/07 上午 12:00:00,AUD,23.511236
2016/01/07 上午 12:00:00,EUR,36.654996
2016/01/07 上午 12:00:00,GBP,49.02086
2016/01/07 上午 12:00:00,JPY,0.284949
2016/01/07 上午 12:00:00,USD,33.53
2016/01/08 上午 12:00:00,AUD,23.293245
2016/01/08 上午 12:00:00,EUR,36.596492
2016/01/08 上午 12:00:00,GBP,48.620001
2016/01/08 上午 12:00:00,JPY,0.285674
2016/01/08 上午 12:00:00,USD,33.501
2016/01/11 上午 12:00:00,AUD,23.54224
2016/01/11 上午 12:00:00,EUR,36.541621
2016/01/11 上午 12:00:00,GBP,48.942014
2016/01/11 上午 12:00:00,JPY,0.285759
2016/01/11 上午 12:00:00,USD,33.651
2016/01/12 上午 12:00:00,AUD,23.519766
2016/01/12 上午 12:00:00,EUR,36.555629
2016/01/12 上午 12:00:00,GBP,48.642082
2016/01/12 上午 12:00:00,JPY,0.286162
2016/01/12 上午 12:00:00,USD,33.667
2016/01/13 上午 12:00:00,AUD,23.392913
2016/01/13 上午 12:00:00,EUR,36.573913
2016/01/13 上午 12:00:00,GBP,48.443538
2016/01/13 上午 12:00:00,JPY,0.285732
2016/01/13 上午 12:00:00,USD,33.625
2016/01/14 上午 12:00:00,AUD,23.565413
2016/01/14 上午 12:00:00,EUR,36.660683
2016/01/14 上午 12:00:00,GBP,48.62897
2016/01/14 上午 12:00:00,JPY,0.285804
2016/01/14 上午 12:00:00,USD,33.742
2016/01/15 上午 12:00:00,AUD,23.194932
2016/01/15 上午 12:00:00,EUR,36.898263
2016/01/15 上午 12:00:00,GBP,48.191511
2016/01/15 上午 12:00:00,JPY,0.289005
2016/01/15 上午 12:00:00,USD,33.802
2016/01/18 上午 12:00:00,AUD,23.219439
2016/01/18 上午 12:00:00,EUR,36.834566
2016/01/18 上午 12:00:00,GBP,48.170359
2016/01/18 上午 12:00:00,JPY,0.28823
2016/01/18 上午 12:00:00,USD,33.818
2016/01/19 上午 12:00:00,AUD,23.366238
2016/01/19 上午 12:00:00,EUR,36.890856
2016/01/19 上午 12:00:00,GBP,47.882356
2016/01/19 上午 12:00:00,JPY,0.287487
2016/01/19 上午 12:00:00,USD,33.82
2016/01/20 上午 12:00:00,AUD,23.363618
2016/01/20 上午 12:00:00,EUR,36.836514
2016/01/20 上午 12:00:00,GBP,47.999094
2016/01/20 上午 12:00:00,JPY,0.289259
2016/01/20 上午 12:00:00,USD,33.826
2016/01/21 上午 12:00:00,AUD,23.683216
2016/01/21 上午 12:00:00,EUR,36.798825
2016/01/21 上午 12:00:00,GBP,48.117636
2016/01/21 上午 12:00:00,JPY,0.287469
2016/01/21 上午 12:00:00,USD,33.838
2016/01/22 上午 12:00:00,AUD,23.600241
2016/01/22 上午 12:00:00,EUR,36.391289
2016/01/22 上午 12:00:00,GBP,48.083553
2016/01/22 上午 12:00:00,JPY,0.28376
2016/01/22 上午 12:00:00,USD,33.705
2016/01/25 上午 12:00:00,AUD,23.384101
2016/01/25 上午 12:00:00,EUR,36.476508
2016/01/25 上午 12:00:00,GBP,47.907988
2016/01/25 上午 12:00:00,JPY,0.28421
2016/01/25 上午 12:00:00,USD,33.622
2016/01/26 上午 12:00:00,AUD,23.624363
2016/01/26 上午 12:00:00,EUR,36.662448
2016/01/26 上午 12:00:00,GBP,48.398748
2016/01/26 上午 12:00:00,JPY,0.284791
2016/01/26 上午 12:00:00,USD,33.725
2016/01/27 上午 12:00:00,AUD,23.684646
2016/01/27 上午 12:00:00,EUR,36.720303
2016/01/27 上午 12:00:00,GBP,47.979443
2016/01/27 上午 12:00:00,JPY,0.284041
2016/01/27 上午 12:00:00,USD,33.71
2016/01/28 上午 12:00:00,AUD,23.900167
2016/01/28 上午 12:00:00,EUR,36.914842
2016/01/28 上午 12:00:00,GBP,48.461697
2016/01/28 上午 12:00:00,JPY,0.283984
2016/01/28 上午 12:00:00,USD,33.743
2016/01/29 上午 12:00:00,AUD,23.80224
2016/01/29 上午 12:00:00,EUR,36.39552
2016/01/29 上午 12:00:00,GBP,47.85984
2016/01/29 上午 12:00:00,JPY,0.277365
2016/01/29 上午 12:00:00,USD,33.6
2016/01/30 上午 12:00:00,AUD,23.83766
2016/01/30 上午 12:00:00,EUR,36.44968
2016/01/30 上午 12:00:00,GBP,47.93106
2016/01/30 上午 12:00:00,JPY,0.277778
2016/01/30 上午 12:00:00,USD,33.65
2016/01/31 上午 12:00:00,AUD,23.83766
2016/01/31 上午 12:00:00,EUR,36.44968
2016/01/31 上午 12:00:00,GBP,47.93106
2016/01/31 上午 12:00:00,JPY,0.277778
2016/01/31 上午 12:00:00,USD,33.65
2016/02/01 上午 12:00:00,AUD,23.946104
2016/02/01 上午 12:00:00,EUR,36.659896
2016/02/01 上午 12:00:00,GBP,48.595911
2016/02/01 上午 12:00:00,JPY,0.278287
2016/02/01 上午 12:00:00,USD,33.67
2016/02/02 上午 12:00:00,AUD,23.703984
2016/02/02 上午 12:00:00,EUR,36.775192
2016/02/02 上午 12:00:00,GBP,48.53288
2016/02/02 上午 12:00:00,JPY,0.280737
2016/02/02 上午 12:00:00,USD,33.68
2016/02/03 上午 12:00:00,AUD,24.236955
2016/02/03 上午 12:00:00,EUR,37.547165
2016/02/03 上午 12:00:00,GBP,49.369822
2016/02/03 上午 12:00:00,JPY,0.286751
2016/02/03 上午 12:00:00,USD,33.808
2016/02/04 上午 12:00:00,AUD,24.19776
2016/02/04 上午 12:00:00,EUR,37.667846
2016/02/04 上午 12:00:00,GBP,49.030711
2016/02/04 上午 12:00:00,JPY,0.287789
2016/02/04 上午 12:00:00,USD,33.608
2016/02/05 上午 12:00:00,AUD,23.695288
2016/02/05 上午 12:00:00,EUR,37.401616
2016/02/05 上午 12:00:00,GBP,48.614056
2016/02/05 上午 12:00:00,JPY,0.286814
2016/02/05 上午 12:00:00,USD,33.52
2016/02/15 上午 12:00:00,AUD,23.862594
2016/02/15 上午 12:00:00,EUR,37.284468
2016/02/15 上午 12:00:00,GBP,48.246556
2016/02/15 上午 12:00:00,JPY,0.291632
2016/02/15 上午 12:00:00,USD,33.421
2016/02/16 上午 12:00:00,AUD,23.788428
2016/02/16 上午 12:00:00,EUR,37.280023
2016/02/16 上午 12:00:00,GBP,47.857862
2016/02/16 上午 12:00:00,JPY,0.293242
2016/02/16 上午 12:00:00,USD,33.453
2016/02/17 上午 12:00:00,AUD,24.069992
2016/02/17 上午 12:00:00,EUR,37.284364
2016/02/17 上午 12:00:00,GBP,47.885346
2016/02/17 上午 12:00:00,JPY,0.293646
2016/02/17 上午 12:00:00,USD,33.505
2016/02/18 上午 12:00:00,AUD,23.997195
2016/02/18 上午 12:00:00,EUR,37.236218
2016/02/18 上午 12:00:00,GBP,48.068145
2016/02/18 上午 12:00:00,JPY,0.296053
2016/02/18 上午 12:00:00,USD,33.525
2016/02/19 上午 12:00:00,AUD,24.009539
2016/02/19 上午 12:00:00,EUR,37.353393
2016/02/19 上午 12:00:00,GBP,48.347977
2016/02/19 上午 12:00:00,JPY,0.298002
2016/02/19 上午 12:00:00,USD,33.561
2016/02/22 上午 12:00:00,AUD,24.262228
2016/02/22 上午 12:00:00,EUR,37.021044
2016/02/22 上午 12:00:00,GBP,47.497305
2016/02/22 上午 12:00:00,JPY,0.297264
2016/02/22 上午 12:00:00,USD,33.567
2016/02/23 上午 12:00:00,AUD,24.119246
2016/02/23 上午 12:00:00,EUR,36.90047
2016/02/23 上午 12:00:00,GBP,46.952667
2016/02/23 上午 12:00:00,JPY,0.29868
2016/02/23 上午 12:00:00,USD,33.485
2016/02/24 上午 12:00:00,AUD,24.099404
2016/02/24 上午 12:00:00,EUR,36.882537
2016/02/24 上午 12:00:00,GBP,46.644872
2016/02/24 上午 12:00:00,JPY,0.298538
2016/02/24 上午 12:00:00,USD,33.49
2016/02/25 上午 12:00:00,AUD,24.241055
2016/02/25 上午 12:00:00,EUR,36.905893
2016/02/25 上午 12:00:00,GBP,46.767115
2016/02/25 上午 12:00:00,JPY,0.296425
2016/02/25 上午 12:00:00,USD,33.496
2016/02/26 上午 12:00:00,AUD,23.869748
2016/02/26 上午 12:00:00,EUR,36.613454
2016/02/26 上午 12:00:00,GBP,46.476848
2016/02/26 上午 12:00:00,JPY,0.293789
2016/02/26 上午 12:00:00,USD,33.492
2016/02/29 上午 12:00:00,AUD,23.869748
2016/02/29 上午 12:00:00,EUR,36.613454
2016/02/29 上午 12:00:00,GBP,46.476848
2016/02/29 上午 12:00:00,JPY,0.293789
2016/02/29 上午 12:00:00,USD,33.492
2016/03/01 上午 12:00:00,AUD,23.99033
2016/03/01 上午 12:00:00,EUR,36.338245
2016/03/01 上午 12:00:00,GBP,46.649907
2016/03/01 上午 12:00:00,JPY,0.293273
2016/03/01 上午 12:00:00,USD,33.436
2016/03/02 上午 12:00:00,AUD,24.343415
2016/03/02 上午 12:00:00,EUR,36.269853
2016/03/02 上午 12:00:00,GBP,46.978286
2016/03/02 上午 12:00:00,JPY,0.294087
2016/03/02 上午 12:00:00,USD,33.37
2016/03/03 上午 12:00:00,AUD,24.393201
2016/03/03 上午 12:00:00,EUR,36.35423
2016/03/03 上午 12:00:00,GBP,47.037868
2016/03/03 上午 12:00:00,JPY,0.291837
2016/03/03 上午 12:00:00,USD,33.179
2016/03/04 上午 12:00:00,AUD,24.627144
2016/03/04 上午 12:00:00,EUR,36.427651
2016/03/04 上午 12:00:00,GBP,47.109343
2016/03/04 上午 12:00:00,JPY,0.290947
2016/03/04 上午 12:00:00,USD,33.101
2016/03/07 上午 12:00:00,AUD,24.655169
2016/03/07 上午 12:00:00,EUR,36.353913
2016/03/07 上午 12:00:00,GBP,47.088765
2016/03/07 上午 12:00:00,JPY,0.29094
2016/03/07 上午 12:00:00,USD,33.01
2016/03/08 上午 12:00:00,AUD,24.594822
2016/03/08 上午 12:00:00,EUR,36.391343
2016/03/08 上午 12:00:00,GBP,47.000939
2016/03/08 上午 12:00:00,JPY,0.293571
2016/03/08 上午 12:00:00,USD,33.062
2016/03/09 上午 12:00:00,AUD,24.872235
2016/03/09 上午 12:00:00,EUR,36.5475
2016/03/09 上午 12:00:00,GBP,47.235983
2016/03/09 上午 12:00:00,JPY,0.293119
2016/03/09 上午 12:00:00,USD,33.225
2016/03/10 上午 12:00:00,AUD,24.657832
2016/03/10 上午 12:00:00,EUR,36.973516
2016/03/10 上午 12:00:00,GBP,47.244856
2016/03/10 上午 12:00:00,JPY,0.292226
2016/03/10 上午 12:00:00,USD,33.08
2016/03/11 上午 12:00:00,AUD,24.92338
2016/03/11 上午 12:00:00,EUR,36.742545
2016/03/11 上午 12:00:00,GBP,47.40846
2016/03/11 上午 12:00:00,JPY,0.289289
2016/03/11 上午 12:00:00,USD,32.95
2016/03/14 上午 12:00:00,AUD,24.698518
2016/03/14 上午 12:00:00,EUR,36.495561
2016/03/14 上午 12:00:00,GBP,47.007387
2016/03/14 上午 12:00:00,JPY,0.288764
2016/03/14 上午 12:00:00,USD,32.87
2016/03/15 上午 12:00:00,AUD,24.550244
2016/03/15 上午 12:00:00,EUR,36.571898
2016/03/15 上午 12:00:00,GBP,46.582262
2016/03/15 上午 12:00:00,JPY,0.290898
2016/03/15 上午 12:00:00,USD,32.918
2016/03/16 上午 12:00:00,AUD,24.887135
2016/03/16 上午 12:00:00,EUR,36.98308
2016/03/16 上午 12:00:00,GBP,46.976815
2016/03/16 上午 12:00:00,JPY,0.292733
2016/03/16 上午 12:00:00,USD,32.95
2016/03/17 上午 12:00:00,AUD,25.016819
2016/03/17 上午 12:00:00,EUR,37.016651
2016/03/17 上午 12:00:00,GBP,47.364829
2016/03/17 上午 12:00:00,JPY,0.293617
2016/03/17 上午 12:00:00,USD,32.706
2016/03/18 上午 12:00:00,AUD,24.744468
2016/03/18 上午 12:00:00,EUR,36.65004
2016/03/18 上午 12:00:00,GBP,47.075952
2016/03/18 上午 12:00:00,JPY,0.291528
2016/03/18 上午 12:00:00,USD,32.52
2016/03/21 上午 12:00:00,AUD,24.665856
2016/03/21 上午 12:00:00,EUR,36.587089
2016/03/21 上午 12:00:00,GBP,46.763911
2016/03/21 上午 12:00:00,JPY,0.29071
2016/03/21 上午 12:00:00,USD,32.545
2016/03/22 上午 12:00:00,AUD,24.78405
2016/03/22 上午 12:00:00,EUR,36.483293
2016/03/22 上午 12:00:00,GBP,46.208268
2016/03/22 上午 12:00:00,JPY,0.289446
2016/03/22 上午 12:00:00,USD,32.525
2016/03/23 上午 12:00:00,AUD,24.569888
2016/03/23 上午 12:00:00,EUR,36.478013
2016/03/23 上午 12:00:00,GBP,46.056713
2016/03/23 上午 12:00:00,JPY,0.29031
2016/03/23 上午 12:00:00,USD,32.625
2016/03/24 上午 12:00:00,AUD,24.639405
2016/03/24 上午 12:00:00,EUR,36.571305
2016/03/24 上午 12:00:00,GBP,46.313835
2016/03/24 上午 12:00:00,JPY,0.289867
2016/03/24 上午 12:00:00,USD,32.726
2016/03/25 上午 12:00:00,AUD,24.600713
2016/03/25 上午 12:00:00,EUR,36.586516
2016/03/25 上午 12:00:00,GBP,46.314741
2016/03/25 上午 12:00:00,JPY,0.289734
2016/03/25 上午 12:00:00,USD,32.766
2016/03/28 上午 12:00:00,AUD,24.683968
2016/03/28 上午 12:00:00,EUR,36.636584
2016/03/28 上午 12:00:00,GBP,46.639088
2016/03/28 上午 12:00:00,JPY,0.288384
2016/03/28 上午 12:00:00,USD,32.72
2016/03/29 上午 12:00:00,AUD,24.939746
2016/03/29 上午 12:00:00,EUR,36.915925
2016/03/29 上午 12:00:00,GBP,47.031758
2016/03/29 上午 12:00:00,JPY,0.290158
2016/03/29 上午 12:00:00,USD,32.695
2016/03/30 上午 12:00:00,AUD,24.87646
2016/03/30 上午 12:00:00,EUR,36.763465
2016/03/30 上午 12:00:00,GBP,46.623908
2016/03/30 上午 12:00:00,JPY,0.288427
2016/03/30 上午 12:00:00,USD,32.425
2016/03/31 上午 12:00:00,AUD,24.718327
2016/03/31 上午 12:00:00,EUR,36.736916
2016/03/31 上午 12:00:00,GBP,46.356952
2016/03/31 上午 12:00:00,JPY,0.286773
2016/03/31 上午 12:00:00,USD,32.282
2016/04/01 上午 12:00:00,AUD,24.843639
2016/04/01 上午 12:00:00,EUR,36.872066
2016/04/01 上午 12:00:00,GBP,46.064181
2016/04/01 上午 12:00:00,JPY,0.289918
2016/04/01 上午 12:00:00,USD,32.378
2016/04/06 上午 12:00:00,AUD,24.652676
2016/04/06 上午 12:00:00,EUR,36.980636
2016/04/06 上午 12:00:00,GBP,45.817837
2016/04/06 上午 12:00:00,JPY,0.295491
2016/04/06 上午 12:00:00,USD,32.442
2016/04/07 上午 12:00:00,AUD,24.317701
2016/04/07 上午 12:00:00,EUR,36.866996
2016/04/07 上午 12:00:00,GBP,45.547491
2016/04/07 上午 12:00:00,JPY,0.299436
2016/04/07 上午 12:00:00,USD,32.402
2016/04/08 上午 12:00:00,AUD,24.51922
2016/04/08 上午 12:00:00,EUR,36.97353
2016/04/08 上午 12:00:00,GBP,45.84536
2016/04/08 上午 12:00:00,JPY,0.300296
2016/04/08 上午 12:00:00,USD,32.45
2016/04/11 上午 12:00:00,AUD,24.601925
2016/04/11 上午 12:00:00,EUR,36.944992
2016/04/11 上午 12:00:00,GBP,46.117273
2016/04/11 上午 12:00:00,JPY,0.300028
2016/04/11 上午 12:00:00,USD,32.388
2016/04/12 上午 12:00:00,AUD,24.885567
2016/04/12 上午 12:00:00,EUR,36.873383
2016/04/12 上午 12:00:00,GBP,46.222067
2016/04/12 上午 12:00:00,JPY,0.298342
2016/04/12 上午 12:00:00,USD,32.382
2016/04/13 上午 12:00:00,AUD,24.757455
2016/04/13 上午 12:00:00,EUR,36.47139
2016/04/13 上午 12:00:00,GBP,45.94994
2016/04/13 上午 12:00:00,JPY,0.295866
2016/04/13 上午 12:00:00,USD,32.35
2016/04/14 上午 12:00:00,AUD,24.959502
2016/04/14 上午 12:00:00,EUR,36.548885
2016/04/14 上午 12:00:00,GBP,45.913158
2016/04/14 上午 12:00:00,JPY,0.296436
2016/04/14 上午 12:00:00,USD,32.436
2016/04/15 上午 12:00:00,AUD,24.9953
2016/04/15 上午 12:00:00,EUR,36.498248
2016/04/15 上午 12:00:00,GBP,45.94063
2016/04/15 上午 12:00:00,JPY,0.297371
2016/04/15 上午 12:00:00,USD,32.348
2016/04/18 上午 12:00:00,AUD,25.10831
2016/04/18 上午 12:00:00,EUR,36.656383
2016/04/18 上午 12:00:00,GBP,46.263576
2016/04/18 上午 12:00:00,JPY,0.297758
2016/04/18 上午 12:00:00,USD,32.402
2016/04/19 上午 12:00:00,AUD,25.208645
2016/04/19 上午 12:00:00,EUR,36.646587
2016/04/19 上午 12:00:00,GBP,46.458374
2016/04/19 上午 12:00:00,JPY,0.295467
2016/04/19 上午 12:00:00,USD,32.265
2016/04/20 上午 12:00:00,AUD,25.137316
2016/04/20 上午 12:00:00,EUR,36.427341
2016/04/20 上午 12:00:00,GBP,46.217834
2016/04/20 上午 12:00:00,JPY,0.293564
2016/04/20 上午 12:00:00,USD,32.248
2016/04/21 上午 12:00:00,AUD,24.990645
2016/04/21 上午 12:00:00,EUR,36.455725
2016/04/21 上午 12:00:00,GBP,46.257561
2016/04/21 上午 12:00:00,JPY,0.295048
2016/04/21 上午 12:00:00,USD,32.296
2016/04/22 上午 12:00:00,AUD,24.92643
2016/04/22 上午 12:00:00,EUR,36.27426
2016/04/22 上午 12:00:00,GBP,46.561666
2016/04/22 上午 12:00:00,JPY,0.289177
2016/04/22 上午 12:00:00,USD,32.33
2016/04/25 上午 12:00:00,AUD,24.963275
2016/04/25 上午 12:00:00,EUR,36.464375
2016/04/25 上午 12:00:00,GBP,46.861964
2016/04/25 上午 12:00:00,JPY,0.29099
2016/04/25 上午 12:00:00,USD,32.361
2016/04/26 上午 12:00:00,AUD,25.078089
2016/04/26 上午 12:00:00,EUR,36.560481
2016/04/26 上午 12:00:00,GBP,47.191727
2016/04/26 上午 12:00:00,JPY,0.290747
2016/04/26 上午 12:00:00,USD,32.363
2016/04/27 上午 12:00:00,AUD,24.549855
2016/04/27 上午 12:00:00,EUR,36.624244
2016/04/27 上午 12:00:00,GBP,47.042568
2016/04/27 上午 12:00:00,JPY,0.290168
2016/04/27 上午 12:00:00,USD,32.345
2016/04/28 上午 12:00:00,AUD,24.612738
2016/04/28 上午 12:00:00,EUR,36.643121
2016/04/28 上午 12:00:00,GBP,47.156391
2016/04/28 上午 12:00:00,JPY,0.298576
2016/04/28 上午 12:00:00,USD,32.279
2016/04/29 上午 12:00:00,AUD,24.562613
2016/04/29 上午 12:00:00,EUR,36.948833
2016/04/29 上午 12:00:00,GBP,47.107663
2016/04/29 上午 12:00:00,JPY,0.303307
2016/04/29 上午 12:00:00,USD,32.281
2016/04/30 上午 12:00:00,AUD,24.562613
2016/04/30 上午 12:00:00,EUR,36.948833
2016/04/30 上午 12:00:00,GBP,47.107663
2016/04/30 上午 12:00:00,JPY,0.303307
2016/04/30 上午 12:00:00,USD,32.281
2016/05/03 上午 12:00:00,AUD,24.102222
2016/05/03 上午 12:00:00,EUR,37.022868
2016/05/03 上午 12:00:00,GBP,46.809968
2016/05/03 上午 12:00:00,JPY,0.302139
2016/05/03 上午 12:00:00,USD,32.205
2016/05/04 上午 12:00:00,AUD,24.127869
2016/05/04 上午 12:00:00,EUR,37.167337
2016/05/04 上午 12:00:00,GBP,46.903258
2016/05/04 上午 12:00:00,JPY,0.302364
2016/05/04 上午 12:00:00,USD,32.356
2016/05/05 上午 12:00:00,AUD,24.172668
2016/05/05 上午 12:00:00,EUR,36.925969
2016/05/05 上午 12:00:00,GBP,46.898085
2016/05/05 上午 12:00:00,JPY,0.301855
2016/05/05 上午 12:00:00,USD,32.377
2016/05/06 上午 12:00:00,AUD,23.881162
2016/05/06 上午 12:00:00,EUR,36.965886
2016/05/06 上午 12:00:00,GBP,46.770516
2016/05/06 上午 12:00:00,JPY,0.302577
2016/05/06 上午 12:00:00,USD,32.412
2016/05/09 上午 12:00:00,AUD,23.716277
2016/05/09 上午 12:00:00,EUR,36.900271
2016/05/09 上午 12:00:00,GBP,46.706414
2016/05/09 上午 12:00:00,JPY,0.299271
2016/05/09 上午 12:00:00,USD,32.417
2016/05/10 上午 12:00:00,AUD,23.950795
2016/05/10 上午 12:00:00,EUR,36.996528
2016/05/10 上午 12:00:00,GBP,46.980905
2016/05/10 上午 12:00:00,JPY,0.29773
2016/05/10 上午 12:00:00,USD,32.533
2016/05/11 上午 12:00:00,AUD,23.9894
2016/05/11 上午 12:00:00,EUR,37.169746
2016/05/11 上午 12:00:00,GBP,46.996454
2016/05/11 上午 12:00:00,JPY,0.300046
2016/05/11 上午 12:00:00,USD,32.528
2016/05/12 上午 12:00:00,AUD,23.837015
2016/05/12 上午 12:00:00,EUR,37.023033
2016/05/12 上午 12:00:00,GBP,47.026444
2016/05/12 上午 12:00:00,JPY,0.298496
2016/05/12 上午 12:00:00,USD,32.542
2016/05/13 上午 12:00:00,AUD,23.72889
2016/05/13 上午 12:00:00,EUR,36.903269
2016/05/13 上午 12:00:00,GBP,46.867249
2016/05/13 上午 12:00:00,JPY,0.300313
2016/05/13 上午 12:00:00,USD,32.626
2016/05/16 上午 12:00:00,AUD,23.838675
2016/05/16 上午 12:00:00,EUR,37.025331
2016/05/16 上午 12:00:00,GBP,47.105012
2016/05/16 上午 12:00:00,JPY,0.299991
2016/05/16 上午 12:00:00,USD,32.705
2016/05/17 上午 12:00:00,AUD,23.901475
2016/05/17 上午 12:00:00,EUR,36.914319
2016/05/17 上午 12:00:00,GBP,47.192769
2016/05/17 上午 12:00:00,JPY,0.298946
2016/05/17 上午 12:00:00,USD,32.63
2016/05/18 上午 12:00:00,AUD,23.642445
2016/05/18 上午 12:00:00,EUR,36.681928
2016/05/18 上午 12:00:00,GBP,47.74603
2016/05/18 上午 12:00:00,JPY,0.296779
2016/05/18 上午 12:00:00,USD,32.705
2016/05/19 上午 12:00:00,AUD,23.709286
2016/05/19 上午 12:00:00,EUR,36.748081
2016/05/19 上午 12:00:00,GBP,47.930282
2016/05/19 上午 12:00:00,JPY,0.298281
2016/05/19 上午 12:00:00,USD,32.802
2016/05/20 上午 12:00:00,AUD,23.660045
2016/05/20 上午 12:00:00,EUR,36.760845
2016/05/20 上午 12:00:00,GBP,47.510051
2016/05/20 上午 12:00:00,JPY,0.29734
2016/05/20 上午 12:00:00,USD,32.752
2016/05/23 上午 12:00:00,AUD,23.590694
2016/05/23 上午 12:00:00,EUR,36.640032
2016/05/23 上午 12:00:00,GBP,47.29895
2016/05/23 上午 12:00:00,JPY,0.298938
2016/05/23 上午 12:00:00,USD,32.656
2016/05/24 上午 12:00:00,AUD,23.506048
2016/05/24 上午 12:00:00,EUR,36.453352
2016/05/24 上午 12:00:00,GBP,47.88572
2016/05/24 上午 12:00:00,JPY,0.297482
2016/05/24 上午 12:00:00,USD,32.72
2016/05/25 上午 12:00:00,AUD,23.50291
2016/05/25 上午 12:00:00,EUR,36.423306
2016/05/25 上午 12:00:00,GBP,47.988644
2016/05/25 上午 12:00:00,JPY,0.296298
2016/05/25 上午 12:00:00,USD,32.652
2016/05/26 上午 12:00:00,AUD,23.539418
2016/05/26 上午 12:00:00,EUR,36.465574
2016/05/26 上午 12:00:00,GBP,47.79225
2016/05/26 上午 12:00:00,JPY,0.296793
2016/05/26 上午 12:00:00,USD,32.576
2016/05/27 上午 12:00:00,AUD,23.36161
2016/05/27 上午 12:00:00,EUR,36.158125
2016/05/27 上午 12:00:00,GBP,47.529914
2016/05/27 上午 12:00:00,JPY,0.294825
2016/05/27 上午 12:00:00,USD,32.528
2016/05/30 上午 12:00:00,AUD,23.474044
2016/05/30 上午 12:00:00,EUR,36.398984
2016/05/30 上午 12:00:00,GBP,47.840252
2016/05/30 上午 12:00:00,JPY,0.29407
2016/05/30 上午 12:00:00,USD,32.68
2016/05/31 上午 12:00:00,AUD,23.604542
2016/05/31 上午 12:00:00,EUR,36.28456
2016/05/31 上午 12:00:00,GBP,47.254766
2016/05/31 上午 12:00:00,JPY,0.294707
2016/05/31 上午 12:00:00,USD,32.63
2016/06/01 上午 12:00:00,AUD,23.673785
2016/06/01 上午 12:00:00,EUR,36.500756
2016/06/01 上午 12:00:00,GBP,47.024613
2016/06/01 上午 12:00:00,JPY,0.297809
2016/06/01 上午 12:00:00,USD,32.622
2016/06/02 上午 12:00:00,AUD,23.575215
2016/06/02 上午 12:00:00,EUR,36.365641
2016/06/02 上午 12:00:00,GBP,47.036288
2016/06/02 上午 12:00:00,JPY,0.29955
2016/06/02 上午 12:00:00,USD,32.612
2016/06/03 上午 12:00:00,AUD,24.023364
2016/06/03 上午 12:00:00,EUR,37.062104
2016/06/03 上午 12:00:00,GBP,47.358763
2016/06/03 上午 12:00:00,JPY,0.306064
2016/06/03 上午 12:00:00,USD,32.605
2016/06/04 上午 12:00:00,AUD,23.950421
2016/06/04 上午 12:00:00,EUR,36.94957
2016/06/04 上午 12:00:00,GBP,47.214965
2016/06/04 上午 12:00:00,JPY,0.305135
2016/06/04 上午 12:00:00,USD,32.506
2016/06/06 上午 12:00:00,AUD,23.873794
2016/06/06 上午 12:00:00,EUR,36.792471
2016/06/06 上午 12:00:00,GBP,46.788488
2016/06/06 上午 12:00:00,JPY,0.301246
2016/06/06 上午 12:00:00,USD,32.402
2016/06/07 上午 12:00:00,AUD,24.12166
2016/06/07 上午 12:00:00,EUR,36.730636
2016/06/07 上午 12:00:00,GBP,47.033842
2016/06/07 上午 12:00:00,JPY,0.301192
2016/06/07 上午 12:00:00,USD,32.339
2016/06/08 上午 12:00:00,AUD,24.075298
2016/06/08 上午 12:00:00,EUR,36.717165
2016/06/08 上午 12:00:00,GBP,46.73914
2016/06/08 上午 12:00:00,JPY,0.301196
2016/06/08 上午 12:00:00,USD,32.225
2016/06/13 上午 12:00:00,AUD,23.959735
2016/06/13 上午 12:00:00,EUR,36.625602
2016/06/13 上午 12:00:00,GBP,46.281502
2016/06/13 上午 12:00:00,JPY,0.305184
2016/06/13 上午 12:00:00,USD,32.435
2016/06/14 上午 12:00:00,AUD,23.856843
2016/06/14 上午 12:00:00,EUR,36.336456
2016/06/14 上午 12:00:00,GBP,45.771549
2016/06/14 上午 12:00:00,JPY,0.305589
2016/06/14 上午 12:00:00,USD,32.423
2016/06/15 上午 12:00:00,AUD,24.032293
2016/06/15 上午 12:00:00,EUR,36.528566
2016/06/15 上午 12:00:00,GBP,46.079196
2016/06/15 上午 12:00:00,JPY,0.306018
2016/06/15 上午 12:00:00,USD,32.441
2016/06/16 上午 12:00:00,AUD,23.849493
2016/06/16 上午 12:00:00,EUR,36.358898
2016/06/16 上午 12:00:00,GBP,46.011416
2016/06/16 上午 12:00:00,JPY,0.310675
2016/06/16 上午 12:00:00,USD,32.391
2016/06/17 上午 12:00:00,AUD,23.948708
2016/06/17 上午 12:00:00,EUR,36.517326
2016/06/17 上午 12:00:00,GBP,46.501622
2016/06/17 上午 12:00:00,JPY,0.310916
2016/06/17 上午 12:00:00,USD,32.385
2016/06/20 上午 12:00:00,AUD,24.053299
2016/06/20 上午 12:00:00,EUR,36.497664
2016/06/20 上午 12:00:00,GBP,47.409869
2016/06/20 上午 12:00:00,JPY,0.310333
2016/06/20 上午 12:00:00,USD,32.256
2016/06/21 上午 12:00:00,AUD,24.03221
2016/06/21 上午 12:00:00,EUR,36.264444
2016/06/21 上午 12:00:00,GBP,47.264422
2016/06/21 上午 12:00:00,JPY,0.307952
2016/06/21 上午 12:00:00,USD,32.258
2016/06/22 上午 12:00:00,AUD,24.16575
2016/06/22 上午 12:00:00,EUR,36.40973
2016/06/22 上午 12:00:00,GBP,47.397091
2016/06/22 上午 12:00:00,JPY,0.308512
2016/06/22 上午 12:00:00,USD,32.221
2016/06/23 上午 12:00:00,AUD,24.499809
2016/06/23 上午 12:00:00,EUR,36.654753
2016/06/23 上午 12:00:00,GBP,47.89872
2016/06/23 上午 12:00:00,JPY,0.303222
2016/06/23 上午 12:00:00,USD,32.19
2016/06/24 上午 12:00:00,AUD,24.278994
2016/06/24 上午 12:00:00,EUR,36.132473
2016/06/24 上午 12:00:00,GBP,44.465986
2016/06/24 上午 12:00:00,JPY,0.318023
2016/06/24 上午 12:00:00,USD,32.502
2016/06/27 上午 12:00:00,AUD,23.849942
2016/06/27 上午 12:00:00,EUR,35.870886
2016/06/27 上午 12:00:00,GBP,43.018386
2016/06/27 上午 12:00:00,JPY,0.318951
2016/06/27 上午 12:00:00,USD,32.533
2016/06/28 上午 12:00:00,AUD,23.953248
2016/06/28 上午 12:00:00,EUR,35.889328
2016/06/28 上午 12:00:00,GBP,43.281264
2016/06/28 上午 12:00:00,JPY,0.315638
2016/06/28 上午 12:00:00,USD,32.435
2016/06/29 上午 12:00:00,AUD,24.098769
2016/06/29 上午 12:00:00,EUR,35.978353
2016/06/29 上午 12:00:00,GBP,43.426946
2016/06/29 上午 12:00:00,JPY,0.314529
2016/06/29 上午 12:00:00,USD,32.343
2016/06/30 上午 12:00:00,AUD,24.056299
2016/06/30 上午 12:00:00,EUR,35.847146
2016/06/30 上午 12:00:00,GBP,42.982352
2016/06/30 上午 12:00:00,JPY,0.312849
2016/06/30 上午 12:00:00,USD,32.286
2016/07/01 上午 12:00:00,AUD,24.150613
2016/07/01 上午 12:00:00,EUR,35.881187
2016/07/01 上午 12:00:00,GBP,42.775839
2016/07/01 上午 12:00:00,JPY,0.314199
2016/07/01 上午 12:00:00,USD,32.218
2016/07/04 上午 12:00:00,AUD,24.281611
2016/07/04 上午 12:00:00,EUR,35.928024
2016/07/04 上午 12:00:00,GBP,42.804432
2016/07/04 上午 12:00:00,JPY,0.314102
2016/07/04 上午 12:00:00,USD,32.208
2016/07/05 上午 12:00:00,AUD,24.088828
2016/07/05 上午 12:00:00,EUR,35.755543
2016/07/05 上午 12:00:00,GBP,42.03762
2016/07/05 上午 12:00:00,JPY,0.317299
2016/07/05 上午 12:00:00,USD,32.282
2016/07/06 上午 12:00:00,AUD,24.366823
2016/07/06 上午 12:00:00,EUR,35.97177
2016/07/06 上午 12:00:00,GBP,41.908732
2016/07/06 上午 12:00:00,JPY,0.31988
2016/07/06 上午 12:00:00,USD,32.407
2016/07/07 上午 12:00:00,AUD,24.161657
2016/07/07 上午 12:00:00,EUR,35.746589
2016/07/07 上午 12:00:00,GBP,41.703815
2016/07/07 上午 12:00:00,JPY,0.32056
2016/07/07 上午 12:00:00,USD,32.306
2016/07/11 上午 12:00:00,AUD,24.264338
2016/07/11 上午 12:00:00,EUR,35.623347
2016/07/11 上午 12:00:00,GBP,41.876279
2016/07/11 上午 12:00:00,JPY,0.313345
2016/07/11 上午 12:00:00,USD,32.215
2016/07/12 上午 12:00:00,AUD,24.561306
2016/07/12 上午 12:00:00,EUR,35.63532
2016/07/12 上午 12:00:00,GBP,42.681834
2016/07/12 上午 12:00:00,JPY,0.307766
2016/07/12 上午 12:00:00,USD,32.22
2016/07/13 上午 12:00:00,AUD,24.484826
2016/07/13 上午 12:00:00,EUR,35.690947
2016/07/13 上午 12:00:00,GBP,42.307772
2016/07/13 上午 12:00:00,JPY,0.30803
2016/07/13 上午 12:00:00,USD,32.183
2016/07/14 上午 12:00:00,AUD,24.478114
2016/07/14 上午 12:00:00,EUR,35.661969
2016/07/14 上午 12:00:00,GBP,42.795004
2016/07/14 上午 12:00:00,JPY,0.304442
2016/07/14 上午 12:00:00,USD,32.073
2016/07/15 上午 12:00:00,AUD,24.226027
2016/07/15 上午 12:00:00,EUR,35.240184
2016/07/15 上午 12:00:00,GBP,42.175616
2016/07/15 上午 12:00:00,JPY,0.304928
2016/07/15 上午 12:00:00,USD,31.99
2016/07/18 上午 12:00:00,AUD,24.312621
2016/07/18 上午 12:00:00,EUR,35.469782
2016/07/18 上午 12:00:00,GBP,42.447812
2016/07/18 上午 12:00:00,JPY,0.301686
2016/07/18 上午 12:00:00,USD,32.024
2016/07/19 上午 12:00:00,AUD,24.006046
2016/07/19 上午 12:00:00,EUR,35.257281
2016/07/19 上午 12:00:00,GBP,41.9434
2016/07/19 上午 12:00:00,JPY,0.301461
2016/07/19 上午 12:00:00,USD,31.991
2016/07/20 上午 12:00:00,AUD,23.967738
2016/07/20 上午 12:00:00,EUR,35.300971
2016/07/20 上午 12:00:00,GBP,42.339371
2016/07/20 上午 12:00:00,JPY,0.299878
2016/07/20 上午 12:00:00,USD,32.051
2016/07/21 上午 12:00:00,AUD,24.02897
2016/07/21 上午 12:00:00,EUR,35.352562
2016/07/21 上午 12:00:00,GBP,42.424998
2016/07/21 上午 12:00:00,JPY,0.302967
2016/07/21 上午 12:00:00,USD,32.06
2016/07/22 上午 12:00:00,AUD,23.933841
2016/07/22 上午 12:00:00,EUR,35.203239
2016/07/22 上午 12:00:00,GBP,42.066219
2016/07/22 上午 12:00:00,JPY,0.302576
2016/07/22 上午 12:00:00,USD,32.07
2016/07/25 上午 12:00:00,AUD,24.00858
2016/07/25 上午 12:00:00,EUR,35.33793
2016/07/25 上午 12:00:00,GBP,42.238388
2016/07/25 上午 12:00:00,JPY,0.303752
2016/07/25 上午 12:00:00,USD,32.14
2016/07/26 上午 12:00:00,AUD,24.085921
2016/07/26 上午 12:00:00,EUR,35.274862
2016/07/26 上午 12:00:00,GBP,42.158389
2016/07/26 上午 12:00:00,JPY,0.306765
2016/07/26 上午 12:00:00,USD,32.106
2016/07/27 上午 12:00:00,AUD,24.022139
2016/07/27 上午 12:00:00,EUR,35.460794
2016/07/27 上午 12:00:00,GBP,42.40031
2016/07/27 上午 12:00:00,JPY,0.304279
2016/07/27 上午 12:00:00,USD,32.068
2016/07/28 上午 12:00:00,AUD,23.972641
2016/07/28 上午 12:00:00,EUR,35.399749
2016/07/28 上午 12:00:00,GBP,42.068758
2016/07/28 上午 12:00:00,JPY,0.303553
2016/07/28 上午 12:00:00,USD,31.955
2016/07/29 上午 12:00:00,AUD,24.254182
2016/07/29 上午 12:00:00,EUR,35.680498
2016/07/29 上午 12:00:00,GBP,42.231713
2016/07/29 上午 12:00:00,JPY,0.312785
2016/07/29 上午 12:00:00,USD,31.926
2016/07/31 上午 12:00:00,AUD,24.254182
2016/07/31 上午 12:00:00,EUR,35.680498
2016/07/31 上午 12:00:00,GBP,42.231713
2016/07/31 上午 12:00:00,JPY,0.312785
2016/07/31 上午 12:00:00,USD,31.926
2016/08/01 上午 12:00:00,AUD,23.847068
2016/08/01 上午 12:00:00,EUR,35.316568
2016/08/01 上午 12:00:00,GBP,41.692028
2016/08/01 上午 12:00:00,JPY,0.309015
2016/08/01 上午 12:00:00,USD,31.64
2016/08/02 上午 12:00:00,AUD,24.10848
2016/08/02 上午 12:00:00,EUR,35.557632
2016/08/02 上午 12:00:00,GBP,42.314976
2016/08/02 上午 12:00:00,JPY,0.313974
2016/08/02 上午 12:00:00,USD,31.68
2016/08/03 上午 12:00:00,AUD,24.095075
2016/08/03 上午 12:00:00,EUR,35.40125
2016/08/03 上午 12:00:00,GBP,42.306875
2016/08/03 上午 12:00:00,JPY,0.313611
2016/08/03 上午 12:00:00,USD,31.75
2016/08/04 上午 12:00:00,AUD,24.188388
2016/08/04 上午 12:00:00,EUR,35.290059
2016/08/04 上午 12:00:00,GBP,41.562297
2016/08/04 上午 12:00:00,JPY,0.313278
2016/08/04 上午 12:00:00,USD,31.71
2016/08/05 上午 12:00:00,AUD,24.053183
2016/08/05 上午 12:00:00,EUR,34.998502
2016/08/05 上午 12:00:00,GBP,41.26199
2016/08/05 上午 12:00:00,JPY,0.310057
2016/08/05 上午 12:00:00,USD,31.57
2016/08/08 上午 12:00:00,AUD,24.109831
2016/08/08 上午 12:00:00,EUR,34.940506
2016/08/08 上午 12:00:00,GBP,41.094799
2016/08/08 上午 12:00:00,JPY,0.307584
2016/08/08 上午 12:00:00,USD,31.512
2016/08/09 上午 12:00:00,AUD,24.135422
2016/08/09 上午 12:00:00,EUR,34.968524
2016/08/09 上午 12:00:00,GBP,40.897791
2016/08/09 上午 12:00:00,JPY,0.308746
2016/08/09 上午 12:00:00,USD,31.455
2016/08/10 上午 12:00:00,AUD,24.04325
2016/08/10 上午 12:00:00,EUR,34.900183
2016/08/10 上午 12:00:00,GBP,40.620603
2016/08/10 上午 12:00:00,JPY,0.308273
2016/08/10 上午 12:00:00,USD,31.225
2016/08/11 上午 12:00:00,AUD,24.117887
2016/08/11 上午 12:00:00,EUR,34.887766
2016/08/11 上午 12:00:00,GBP,40.589098
2016/08/11 上午 12:00:00,JPY,0.307238
2016/08/11 上午 12:00:00,USD,31.326
2016/08/12 上午 12:00:00,AUD,24.013874
2016/08/12 上午 12:00:00,EUR,35.055169
2016/08/12 上午 12:00:00,GBP,40.572676
2016/08/12 上午 12:00:00,JPY,0.310031
2016/08/12 上午 12:00:00,USD,31.403
2016/08/15 上午 12:00:00,AUD,24.073338
2016/08/15 上午 12:00:00,EUR,35.084208
2016/08/15 上午 12:00:00,GBP,40.401423
2016/08/15 上午 12:00:00,JPY,0.309797
2016/08/15 上午 12:00:00,USD,31.37
2016/08/16 上午 12:00:00,AUD,24.06996
2016/08/16 上午 12:00:00,EUR,35.280712
2016/08/16 上午 12:00:00,GBP,40.807888
2016/08/16 上午 12:00:00,JPY,0.311833
2016/08/16 上午 12:00:00,USD,31.28
2016/08/17 上午 12:00:00,AUD,24.076506
2016/08/17 上午 12:00:00,EUR,35.506163
2016/08/17 上午 12:00:00,GBP,41.019698
2016/08/17 上午 12:00:00,JPY,0.313642
2016/08/17 上午 12:00:00,USD,31.452
2016/08/18 上午 12:00:00,AUD,24.144867
2016/08/18 上午 12:00:00,EUR,35.662914
2016/08/18 上午 12:00:00,GBP,41.360688
2016/08/18 上午 12:00:00,JPY,0.314446
2016/08/18 上午 12:00:00,USD,31.41
2016/08/19 上午 12:00:00,AUD,24.115049
2016/08/19 上午 12:00:00,EUR,35.810547
2016/08/19 上午 12:00:00,GBP,41.343697
2016/08/19 上午 12:00:00,JPY,0.315517
2016/08/19 上午 12:00:00,USD,31.618
2016/08/22 上午 12:00:00,AUD,24.265932
2016/08/22 上午 12:00:00,EUR,36.02024
2016/08/22 上午 12:00:00,GBP,41.801934
2016/08/22 上午 12:00:00,JPY,0.317153
2016/08/22 上午 12:00:00,USD,31.82
2016/08/23 上午 12:00:00,AUD,24.144119
2016/08/23 上午 12:00:00,EUR,35.843633
2016/08/23 上午 12:00:00,GBP,41.845579
2016/08/23 上午 12:00:00,JPY,0.316301
2016/08/23 上午 12:00:00,USD,31.706
2016/08/24 上午 12:00:00,AUD,24.191201
2016/08/24 上午 12:00:00,EUR,35.787981
2016/08/24 上午 12:00:00,GBP,42.04071
2016/08/24 上午 12:00:00,JPY,0.316297
2016/08/24 上午 12:00:00,USD,31.772
2016/08/25 上午 12:00:00,AUD,24.123039
2016/08/25 上午 12:00:00,EUR,35.739595
2016/08/25 上午 12:00:00,GBP,41.782231
2016/08/25 上午 12:00:00,JPY,0.31503
2016/08/25 上午 12:00:00,USD,31.67
2016/08/26 上午 12:00:00,AUD,23.975704
2016/08/26 上午 12:00:00,EUR,35.459971
2016/08/26 上午 12:00:00,GBP,41.607506
2016/08/26 上午 12:00:00,JPY,0.311028
2016/08/26 上午 12:00:00,USD,31.672
2016/08/29 上午 12:00:00,AUD,24.070177
2016/08/29 上午 12:00:00,EUR,35.582139
2016/08/29 上午 12:00:00,GBP,41.675211
2016/08/29 上午 12:00:00,JPY,0.312019
2016/08/29 上午 12:00:00,USD,31.801
2016/08/30 上午 12:00:00,AUD,23.82172
2016/08/30 上午 12:00:00,EUR,35.345596
2016/08/30 上午 12:00:00,GBP,41.492932
2016/08/30 上午 12:00:00,JPY,0.308081
2016/08/30 上午 12:00:00,USD,31.72
2016/08/31 上午 12:00:00,AUD,23.854779
2016/08/31 上午 12:00:00,EUR,35.399871
2016/08/31 上午 12:00:00,GBP,41.681619
2016/08/31 上午 12:00:00,JPY,0.306769
2016/08/31 上午 12:00:00,USD,31.726
2016/09/01 上午 12:00:00,AUD,23.967027
2016/09/01 上午 12:00:00,EUR,35.534799
2016/09/01 上午 12:00:00,GBP,42.107325
2016/09/01 上午 12:00:00,JPY,0.3074
2016/09/01 上午 12:00:00,USD,31.736
2016/09/02 上午 12:00:00,AUD,24.005512
2016/09/02 上午 12:00:00,EUR,35.364697
2016/09/02 上午 12:00:00,GBP,42.142798
2016/09/02 上午 12:00:00,JPY,0.305013
2016/09/02 上午 12:00:00,USD,31.703
2016/09/05 上午 12:00:00,AUD,23.887849
2016/09/05 上午 12:00:00,EUR,35.119738
2016/09/05 上午 12:00:00,GBP,41.912432
2016/09/05 上午 12:00:00,JPY,0.304612
2016/09/05 上午 12:00:00,USD,31.506
2016/09/06 上午 12:00:00,AUD,24.149546
2016/09/06 上午 12:00:00,EUR,35.354206
2016/09/06 上午 12:00:00,GBP,42.214587
2016/09/06 上午 12:00:00,JPY,0.3079
2016/09/06 上午 12:00:00,USD,31.412
2016/09/07 上午 12:00:00,AUD,23.970452
2016/09/07 上午 12:00:00,EUR,35.110636
2016/09/07 上午 12:00:00,GBP,41.677284
2016/09/07 上午 12:00:00,JPY,0.307057
2016/09/07 上午 12:00:00,USD,31.24
2016/09/08 上午 12:00:00,AUD,23.91189
2016/09/08 上午 12:00:00,EUR,35.228036
2016/09/08 上午 12:00:00,GBP,41.594737
2016/09/08 上午 12:00:00,JPY,0.305259
2016/09/08 上午 12:00:00,USD,31.286
2016/09/09 上午 12:00:00,AUD,23.75854
2016/09/09 上午 12:00:00,EUR,35.395183
2016/09/09 上午 12:00:00,GBP,41.807468
2016/09/09 上午 12:00:00,JPY,0.306846
2016/09/09 上午 12:00:00,USD,31.51
2016/09/10 上午 12:00:00,AUD,23.790208
2016/09/10 上午 12:00:00,EUR,35.442362
2016/09/10 上午 12:00:00,GBP,41.863194
2016/09/10 上午 12:00:00,JPY,0.307255
2016/09/10 上午 12:00:00,USD,31.552
2016/09/12 上午 12:00:00,AUD,23.996326
2016/09/12 上午 12:00:00,EUR,35.632926
2016/09/12 上午 12:00:00,GBP,42.299629
2016/09/12 上午 12:00:00,JPY,0.311369
2016/09/12 上午 12:00:00,USD,31.716
2016/09/13 上午 12:00:00,AUD,23.665358
2016/09/13 上午 12:00:00,EUR,35.574132
2016/09/13 上午 12:00:00,GBP,41.829726
2016/09/13 上午 12:00:00,JPY,0.309146
2016/09/13 上午 12:00:00,USD,31.706
2016/09/14 上午 12:00:00,AUD,23.668514
2016/09/14 上午 12:00:00,EUR,35.650125
2016/09/14 上午 12:00:00,GBP,41.937223
2016/09/14 上午 12:00:00,JPY,0.309402
2016/09/14 上午 12:00:00,USD,31.689
2016/09/19 上午 12:00:00,AUD,23.69443
2016/09/19 上午 12:00:00,EUR,35.145375
2016/09/19 上午 12:00:00,GBP,40.97935
2016/09/19 上午 12:00:00,JPY,0.308545
2016/09/19 上午 12:00:00,USD,31.45
2016/09/20 上午 12:00:00,AUD,23.700905
2016/09/20 上午 12:00:00,EUR,34.977342
2016/09/20 上午 12:00:00,GBP,40.73946
2016/09/20 上午 12:00:00,JPY,0.308427
2016/09/20 上午 12:00:00,USD,31.367
2016/09/21 上午 12:00:00,AUD,23.962232
2016/09/21 上午 12:00:00,EUR,35.17017
2016/09/21 上午 12:00:00,GBP,40.962719
2016/09/21 上午 12:00:00,JPY,0.313266
2016/09/21 上午 12:00:00,USD,31.43
2016/09/22 上午 12:00:00,AUD,23.99902
2016/09/22 上午 12:00:00,EUR,35.19312
2016/09/22 上午 12:00:00,GBP,41.06492
2016/09/22 上午 12:00:00,JPY,0.311632
2016/09/22 上午 12:00:00,USD,31.4
2016/09/23 上午 12:00:00,AUD,23.885992
2016/09/23 上午 12:00:00,EUR,35.171058
2016/09/23 上午 12:00:00,GBP,40.647542
2016/09/23 上午 12:00:00,JPY,0.310137
2016/09/23 上午 12:00:00,USD,31.33
2016/09/26 上午 12:00:00,AUD,24.001475
2016/09/26 上午 12:00:00,EUR,35.373573
2016/09/26 上午 12:00:00,GBP,40.78302
2016/09/26 上午 12:00:00,JPY,0.313286
2016/09/26 上午 12:00:00,USD,31.432
2016/09/29 上午 12:00:00,AUD,23.943442
2016/09/29 上午 12:00:00,EUR,35.187703
2016/09/29 上午 12:00:00,GBP,40.662461
2016/09/29 上午 12:00:00,JPY,0.310363
2016/09/29 上午 12:00:00,USD,31.356
2016/09/30 上午 12:00:00,AUD,24.023219
2016/09/30 上午 12:00:00,EUR,35.255384
2016/09/30 上午 12:00:00,GBP,40.703658
2016/09/30 上午 12:00:00,JPY,0.309543
2016/09/30 上午 12:00:00,USD,31.366
2016/10/03 上午 12:00:00,AUD,24.042642
2016/10/03 上午 12:00:00,EUR,35.127196
2016/10/03 上午 12:00:00,GBP,40.233986
2016/10/03 上午 12:00:00,JPY,0.308214
2016/10/03 上午 12:00:00,USD,31.33
2016/10/04 上午 12:00:00,AUD,23.886414
2016/10/04 上午 12:00:00,EUR,35.124314
2016/10/04 上午 12:00:00,GBP,39.898462
2016/10/04 上午 12:00:00,JPY,0.304665
2016/10/04 上午 12:00:00,USD,31.347
2016/10/05 上午 12:00:00,AUD,23.910976
2016/10/05 上午 12:00:00,EUR,35.151206
2016/10/05 上午 12:00:00,GBP,39.991751
2016/10/05 上午 12:00:00,JPY,0.303101
2016/10/05 上午 12:00:00,USD,31.371
2016/10/06 上午 12:00:00,AUD,23.822316
2016/10/06 上午 12:00:00,EUR,35.102273
2016/10/06 上午 12:00:00,GBP,39.614885
2016/10/06 上午 12:00:00,JPY,0.302126
2016/10/06 上午 12:00:00,USD,31.403
2016/10/07 上午 12:00:00,AUD,23.87758
2016/10/07 上午 12:00:00,EUR,35.263896
2016/10/07 上午 12:00:00,GBP,39.14538
2016/10/07 上午 12:00:00,JPY,0.30572
2016/10/07 上午 12:00:00,USD,31.48
2016/10/11 上午 12:00:00,AUD,23.833041
2016/10/11 上午 12:00:00,EUR,34.94501
2016/10/11 上午 12:00:00,GBP,38.32444
2016/10/11 上午 12:00:00,JPY,0.30541
2016/10/11 上午 12:00:00,USD,31.613
2016/10/12 上午 12:00:00,AUD,23.91785
2016/10/12 上午 12:00:00,EUR,34.81404
2016/10/12 上午 12:00:00,GBP,38.612683
2016/10/12 上午 12:00:00,JPY,0.303512
2016/10/12 上午 12:00:00,USD,31.629
2016/10/13 上午 12:00:00,AUD,24.039144
2016/10/13 上午 12:00:00,EUR,35.107504
2016/10/13 上午 12:00:00,GBP,38.918704
2016/10/13 上午 12:00:00,JPY,0.306268
2016/10/13 上午 12:00:00,USD,31.76
2016/10/14 上午 12:00:00,AUD,24.124562
2016/10/14 上午 12:00:00,EUR,34.750518
2016/10/14 上午 12:00:00,GBP,38.598666
2016/10/14 上午 12:00:00,JPY,0.304041
2016/10/14 上午 12:00:00,USD,31.672
2016/10/17 上午 12:00:00,AUD,24.234156
2016/10/17 上午 12:00:00,EUR,34.947
2016/10/17 上午 12:00:00,GBP,38.705391
2016/10/17 上午 12:00:00,JPY,0.305804
2016/10/17 上午 12:00:00,USD,31.77
2016/10/18 上午 12:00:00,AUD,24.277455
2016/10/18 上午 12:00:00,EUR,34.775729
2016/10/18 上午 12:00:00,GBP,38.949703
2016/10/18 上午 12:00:00,JPY,0.304891
2016/10/18 上午 12:00:00,USD,31.669
2016/10/19 上午 12:00:00,AUD,24.3382
2016/10/19 上午 12:00:00,EUR,34.534273
2016/10/19 上午 12:00:00,GBP,38.719863
2016/10/19 上午 12:00:00,JPY,0.304698
2016/10/19 上午 12:00:00,USD,31.518
2016/10/20 上午 12:00:00,AUD,24.047931
2016/10/20 上午 12:00:00,EUR,34.459137
2016/10/20 上午 12:00:00,GBP,38.636862
2016/10/20 上午 12:00:00,JPY,0.303319
2016/10/20 上午 12:00:00,USD,31.53
2016/10/21 上午 12:00:00,AUD,24.064104
2016/10/21 上午 12:00:00,EUR,34.426092
2016/10/21 上午 12:00:00,GBP,38.686653
2016/10/21 上午 12:00:00,JPY,0.304603
2016/10/21 上午 12:00:00,USD,31.63
2016/10/24 上午 12:00:00,AUD,24.113931
2016/10/24 上午 12:00:00,EUR,34.474272
2016/10/24 上午 12:00:00,GBP,38.773655
2016/10/24 上午 12:00:00,JPY,0.304118
2016/10/24 上午 12:00:00,USD,31.683
2016/10/25 上午 12:00:00,AUD,24.173594
2016/10/25 上午 12:00:00,EUR,34.426662
2016/10/25 上午 12:00:00,GBP,38.539904
2016/10/25 上午 12:00:00,JPY,0.303329
2016/10/25 上午 12:00:00,USD,31.616
2016/10/26 上午 12:00:00,AUD,24.145026
2016/10/26 上午 12:00:00,EUR,34.423466
2016/10/26 上午 12:00:00,GBP,38.649083
2016/10/26 上午 12:00:00,JPY,0.302077
2016/10/26 上午 12:00:00,USD,31.558
2016/10/27 上午 12:00:00,AUD,24.006156
2016/10/27 上午 12:00:00,EUR,34.519131
2016/10/27 上午 12:00:00,GBP,38.480083
2016/10/27 上午 12:00:00,JPY,0.300475
2016/10/27 上午 12:00:00,USD,31.637
2016/10/28 上午 12:00:00,AUD,24.042476
2016/10/28 上午 12:00:00,EUR,34.752278
2016/10/28 上午 12:00:00,GBP,38.571105
2016/10/28 上午 12:00:00,JPY,0.302101
2016/10/28 上午 12:00:00,USD,31.639
2016/10/31 上午 12:00:00,AUD,24.03238
2016/10/31 上午 12:00:00,EUR,34.677998
2016/10/31 上午 12:00:00,GBP,38.666552
2016/10/31 上午 12:00:00,JPY,0.301278
2016/10/31 上午 12:00:00,USD,31.58
2016/11/01 上午 12:00:00,AUD,24.155834
2016/11/01 上午 12:00:00,EUR,34.898424
2016/11/01 上午 12:00:00,GBP,38.648702
2016/11/01 上午 12:00:00,JPY,0.303101
2016/11/01 上午 12:00:00,USD,31.568
2016/11/02 上午 12:00:00,AUD,24.178024
2016/11/02 上午 12:00:00,EUR,35.026571
2016/11/02 上午 12:00:00,GBP,38.836346
2016/11/02 上午 12:00:00,JPY,0.305527
2016/11/02 上午 12:00:00,USD,31.564
2016/11/03 上午 12:00:00,AUD,24.176864
2016/11/03 上午 12:00:00,EUR,34.945214
2016/11/03 上午 12:00:00,GBP,39.212275
2016/11/03 上午 12:00:00,JPY,0.305574
2016/11/03 上午 12:00:00,USD,31.468
2016/11/04 上午 12:00:00,AUD,24.155528
2016/11/04 上午 12:00:00,EUR,35.070364
2016/11/04 上午 12:00:00,GBP,39.397901
2016/11/04 上午 12:00:00,JPY,0.305237
2016/11/04 上午 12:00:00,USD,31.473
2016/11/07 上午 12:00:00,AUD,24.357883
2016/11/07 上午 12:00:00,EUR,34.800128
2016/11/07 上午 12:00:00,GBP,39.074104
2016/11/07 上午 12:00:00,JPY,0.301704
2016/11/07 上午 12:00:00,USD,31.519
2016/11/08 上午 12:00:00,AUD,24.455733
2016/11/08 上午 12:00:00,EUR,34.742769
2016/11/08 上午 12:00:00,GBP,39.005666
2016/11/08 上午 12:00:00,JPY,0.299553
2016/11/08 上午 12:00:00,USD,31.507
2016/11/09 上午 12:00:00,AUD,24.018947
2016/11/09 上午 12:00:00,EUR,34.321769
2016/11/09 上午 12:00:00,GBP,39.028035
2016/11/09 上午 12:00:00,JPY,0.29771
2016/11/09 上午 12:00:00,USD,31.459
2016/11/10 上午 12:00:00,AUD,24.048706
2016/11/10 上午 12:00:00,EUR,34.409898
2016/11/10 上午 12:00:00,GBP,39.656831
2016/11/10 上午 12:00:00,JPY,0.295694
2016/11/10 上午 12:00:00,USD,31.589
2016/11/11 上午 12:00:00,AUD,24.003395
2016/11/11 上午 12:00:00,EUR,34.523166
2016/11/11 上午 12:00:00,GBP,40.046999
2016/11/11 上午 12:00:00,JPY,0.298153
2016/11/11 上午 12:00:00,USD,31.801
2016/11/14 上午 12:00:00,AUD,24.13747
2016/11/14 上午 12:00:00,EUR,34.303641
2016/11/14 上午 12:00:00,GBP,39.904301
2016/11/14 上午 12:00:00,JPY,0.294705
2016/11/14 上午 12:00:00,USD,31.949
2016/11/15 上午 12:00:00,AUD,24.09372
2016/11/15 上午 12:00:00,EUR,34.174201
2016/11/15 上午 12:00:00,GBP,39.697272
2016/11/15 上午 12:00:00,JPY,0.291903
2016/11/15 上午 12:00:00,USD,31.87
2016/11/16 上午 12:00:00,AUD,23.822304
2016/11/16 上午 12:00:00,EUR,34.048697
2016/11/16 上午 12:00:00,GBP,39.628466
2016/11/16 上午 12:00:00,JPY,0.291969
2016/11/16 上午 12:00:00,USD,31.848
2016/11/17 上午 12:00:00,AUD,23.601441
2016/11/17 上午 12:00:00,EUR,33.862937
2016/11/17 上午 12:00:00,GBP,39.58643
2016/11/17 上午 12:00:00,JPY,0.289393
2016/11/17 上午 12:00:00,USD,31.868
2016/11/18 上午 12:00:00,AUD,23.479335
2016/11/18 上午 12:00:00,EUR,33.892188
2016/11/18 上午 12:00:00,GBP,39.538752
2016/11/18 上午 12:00:00,JPY,0.288638
2016/11/18 上午 12:00:00,USD,32.01
2016/11/21 上午 12:00:00,AUD,23.5808
2016/11/21 上午 12:00:00,EUR,34.016
2016/11/21 上午 12:00:00,GBP,39.9744
2016/11/21 上午 12:00:00,JPY,0.288704
2016/11/21 上午 12:00:00,USD,32
2016/11/22 上午 12:00:00,AUD,23.645689
2016/11/22 上午 12:00:00,EUR,33.947952
2016/11/22 上午 12:00:00,GBP,39.685274
2016/11/22 上午 12:00:00,JPY,0.28743
2016/11/22 上午 12:00:00,USD,31.945
2016/11/23 上午 12:00:00,AUD,23.54338
2016/11/23 上午 12:00:00,EUR,33.646152
2016/11/23 上午 12:00:00,GBP,39.652344
2016/11/23 上午 12:00:00,JPY,0.283378
2016/11/23 上午 12:00:00,USD,31.88
2016/11/24 上午 12:00:00,AUD,23.651522
2016/11/24 上午 12:00:00,EUR,33.695756
2016/11/24 上午 12:00:00,GBP,39.752308
2016/11/24 上午 12:00:00,JPY,0.281692
2016/11/24 上午 12:00:00,USD,31.927
2016/11/25 上午 12:00:00,AUD,23.799984
2016/11/25 上午 12:00:00,EUR,33.848937
2016/11/25 上午 12:00:00,GBP,39.854033
2016/11/25 上午 12:00:00,JPY,0.282123
2016/11/25 上午 12:00:00,USD,31.942
2016/11/28 上午 12:00:00,AUD,23.794256
2016/11/28 上午 12:00:00,EUR,33.738742
2016/11/28 上午 12:00:00,GBP,39.488543
2016/11/28 上午 12:00:00,JPY,0.284099
2016/11/28 上午 12:00:00,USD,31.802
2016/11/29 上午 12:00:00,AUD,23.812591
2016/11/29 上午 12:00:00,EUR,33.88617
2016/11/29 上午 12:00:00,GBP,39.750227
2016/11/29 上午 12:00:00,JPY,0.283129
2016/11/29 上午 12:00:00,USD,31.818
2016/11/30 上午 12:00:00,AUD,23.550765
2016/11/30 上午 12:00:00,EUR,33.765132
2016/11/30 上午 12:00:00,GBP,39.881634
2016/11/30 上午 12:00:00,JPY,0.278613
2016/11/30 上午 12:00:00,USD,31.89
2016/12/01 上午 12:00:00,AUD,23.644729
2016/12/01 上午 12:00:00,EUR,34.00325
2016/12/01 上午 12:00:00,GBP,40.158406
2016/12/01 上午 12:00:00,JPY,0.279534
2016/12/01 上午 12:00:00,USD,31.892
2016/12/02 上午 12:00:00,AUD,23.78902
2016/12/02 上午 12:00:00,EUR,34.042687
2016/12/02 上午 12:00:00,GBP,40.615633
2016/12/02 上午 12:00:00,JPY,0.281235
2016/12/02 上午 12:00:00,USD,31.923
2016/12/05 上午 12:00:00,AUD,23.906664
2016/12/05 上午 12:00:00,EUR,34.439418
2016/12/05 上午 12:00:00,GBP,40.736034
2016/12/05 上午 12:00:00,JPY,0.281003
2016/12/05 上午 12:00:00,USD,31.995
2016/12/06 上午 12:00:00,AUD,23.839387
2016/12/06 上午 12:00:00,EUR,34.249349
2016/12/06 上午 12:00:00,GBP,40.508746
2016/12/06 上午 12:00:00,JPY,0.280232
2016/12/06 上午 12:00:00,USD,31.952
2016/12/07 上午 12:00:00,AUD,23.869076
2016/12/07 上午 12:00:00,EUR,34.304221
2016/12/07 上午 12:00:00,GBP,40.279465
2016/12/07 上午 12:00:00,JPY,0.280408
2016/12/07 上午 12:00:00,USD,31.902
2016/12/08 上午 12:00:00,AUD,23.699693
2016/12/08 上午 12:00:00,EUR,33.707923
2016/12/08 上午 12:00:00,GBP,39.963067
2016/12/08 上午 12:00:00,JPY,0.278429
2016/12/08 上午 12:00:00,USD,31.752
2016/12/09 上午 12:00:00,AUD,23.732514
2016/12/09 上午 12:00:00,EUR,33.647346
2016/12/09 上午 12:00:00,GBP,40.041648
2016/12/09 上午 12:00:00,JPY,0.276179
2016/12/09 上午 12:00:00,USD,31.86
2016/12/12 上午 12:00:00,AUD,23.891627
2016/12/12 上午 12:00:00,EUR,33.884178
2016/12/12 上午 12:00:00,GBP,40.397179
2016/12/12 上午 12:00:00,JPY,0.27703
2016/12/12 上午 12:00:00,USD,31.864
2016/12/13 上午 12:00:00,AUD,23.863318
2016/12/13 上午 12:00:00,EUR,33.814057
2016/12/13 上午 12:00:00,GBP,40.280288
2016/12/13 上午 12:00:00,JPY,0.276281
2016/12/13 上午 12:00:00,USD,31.822
2016/12/14 上午 12:00:00,AUD,23.553302
2016/12/14 上午 12:00:00,EUR,33.504461
2016/12/14 上午 12:00:00,GBP,39.957289
2016/12/14 上午 12:00:00,JPY,0.271704
2016/12/14 上午 12:00:00,USD,31.803
2016/12/15 上午 12:00:00,AUD,23.488943
2016/12/15 上午 12:00:00,EUR,33.247805
2016/12/15 上午 12:00:00,GBP,39.648366
2016/12/15 上午 12:00:00,JPY,0.270122
2016/12/15 上午 12:00:00,USD,31.923
2016/12/16 上午 12:00:00,AUD,23.35509
2016/12/16 上午 12:00:00,EUR,33.405515
2016/12/16 上午 12:00:00,GBP,39.936373
2016/12/16 上午 12:00:00,JPY,0.270999
2016/12/16 上午 12:00:00,USD,31.967
2016/12/19 上午 12:00:00,AUD,23.159068
2016/12/19 上午 12:00:00,EUR,33.255194
2016/12/19 上午 12:00:00,GBP,39.630012
2016/12/19 上午 12:00:00,JPY,0.273038
2016/12/19 上午 12:00:00,USD,31.97
2016/12/20 上午 12:00:00,AUD,23.23563
2016/12/20 上午 12:00:00,EUR,33.249995
2016/12/20 上午 12:00:00,GBP,39.580584
2016/12/20 上午 12:00:00,JPY,0.271551
2016/12/20 上午 12:00:00,USD,32.005
2016/12/21 上午 12:00:00,AUD,23.176076
2016/12/21 上午 12:00:00,EUR,33.377648
2016/12/21 上午 12:00:00,GBP,39.554306
2016/12/21 上午 12:00:00,JPY,0.272395
2016/12/21 上午 12:00:00,USD,32.02
2016/12/22 上午 12:00:00,AUD,23.116051
2016/12/22 上午 12:00:00,EUR,33.429711
2016/12/22 上午 12:00:00,GBP,39.342449
2016/12/22 上午 12:00:00,JPY,0.272503
2016/12/22 上午 12:00:00,USD,32.03
2016/12/23 上午 12:00:00,AUD,23.069107
2016/12/23 上午 12:00:00,EUR,33.611216
2016/12/23 上午 12:00:00,GBP,39.540147
2016/12/23 上午 12:00:00,JPY,0.274207
2016/12/23 上午 12:00:00,USD,32.17
2016/12/26 上午 12:00:00,AUD,23.190975
2016/12/26 上午 12:00:00,EUR,33.71415
2016/12/26 上午 12:00:00,GBP,39.599775
2016/12/26 上午 12:00:00,JPY,0.275476
2016/12/26 上午 12:00:00,USD,32.25
2016/12/27 上午 12:00:00,AUD,23.19067
2016/12/27 上午 12:00:00,EUR,33.756242
2016/12/27 上午 12:00:00,GBP,39.608787
2016/12/27 上午 12:00:00,JPY,0.274896
2016/12/27 上午 12:00:00,USD,32.281
2016/12/28 上午 12:00:00,AUD,23.1914
2016/12/28 上午 12:00:00,EUR,33.646593
2016/12/28 上午 12:00:00,GBP,39.497753
2016/12/28 上午 12:00:00,JPY,0.275533
2016/12/28 上午 12:00:00,USD,32.309
2016/12/29 上午 12:00:00,AUD,23.332495
2016/12/29 上午 12:00:00,EUR,33.895288
2016/12/29 上午 12:00:00,GBP,39.620974
2016/12/29 上午 12:00:00,JPY,0.277261
2016/12/29 上午 12:00:00,USD,32.312
2016/12/30 上午 12:00:00,AUD,23.231196
2016/12/30 上午 12:00:00,EUR,33.957508
2016/12/30 上午 12:00:00,GBP,39.88716
2016/12/30 上午 12:00:00,JPY,0.275889
2016/12/30 上午 12:00:00,USD,32.279
2016/12/31 上午 12:00:00,AUD,23.231196
2016/12/31 上午 12:00:00,EUR,33.957508
2016/12/31 上午 12:00:00,GBP,39.88716
2016/12/31 上午 12:00:00,JPY,0.275889
2016/12/31 上午 12:00:00,USD,32.279
